0,1,2,3,4,5,6,7,8,9,10,11,12,13,14,15,16,17,18,19,20,21,22,23,24,25,26,27,28,29,30,31,32,33,34,35,36,37,38,39,40,41,42,43,44,45,46,47,48,49,50,51,52,53,54,55,56,57,58,59,60,61,62,63,64,65,66,67,68,69,70,71,72,73,74,75,76,77,78,79,80,81,82,83,84,85,86,87,88,89,90,91,92,93,94,95,96,97,98,99
906902.0,140.0,2126.0,962963.0,145.0,2127.0,969497.0,232.0,2078.0,926856.0,733.0,2019.0,865246.0,859.0,2016.0,861270.0,140.0,2126.0,962963.0,962963.0,2126.0,0.0,0.0,145.0,2127.0,969497.0,969497.0,2127.0,0.0,0.0,232.0,2078.0,926856.0,926856.0,2078.0,0.0,0.0,733.0,2019.0,865246.0,865246.0,2019.0,0.0,0.0,859.0,2016.0,861270.0,861270.0,2016.0,0.0,0.0,140.0,0.0,0.0,145.0,0.0,0.0,232.0,0.0,0.0,733.0,0.0,0.0,859.0,0.0,0.0,140.0,2126.0,962963.0,962963.0,2126.0,0.0,0.0,145.0,2127.0,969497.0,969497.0,2127.0,0.0,0.0,232.0,2078.0,926856.0,926856.0,2078.0,0.0,0.0,733.0,2019.0,865246.0,865246.0,2019.0,0.0,0.0,859.0,2016.0,861270.0,861270.0,2016.0,0.0
647614.0,6303.0,60.0,0.0,10501.0,60.0,0.0,28679.0,60.0,0.0,68024.0,60.0,0.0,75753.0,60.0,0.0,6351.0,60.0,0.0,0.0,60.0,0.0,0.0,10582.0,60.0,0.0,0.0,60.0,0.0,0.0,28902.0,60.0,0.0,0.0,60.0,0.0,0.0,68557.0,60.0,0.0,0.0,60.0,0.0,0.0,76348.0,60.0,0.0,0.0,60.0,0.0,0.0,1.0,0.0,0.0,1.0,0.0,0.0,1.0,0.0,0.0,1.0,0.0,0.0,1.0,0.0,0.0,6350.0,60.0,0.0,0.0,60.0,0.0,0.0,10581.0,60.0,0.0,0.0,60.0,0.0,0.0,28901.0,60.0,0.0,0.0,60.0,0.0,0.0,68556.0,59.0,0.0,0.0,59.0,0.0,0.0,76347.0,60.0,0.0,0.0,60.0,0.0
1129851.0,56895.0,91.0,3.0,91067.0,91.0,3.0,184225.0,91.0,3.0,280502.0,91.0,3.0,293684.0,91.0,3.0,56895.0,91.0,3.0,12.0,130.0,0.0,0.0,91067.0,91.0,3.0,12.0,130.0,0.0,0.0,184225.0,91.0,3.0,14.0,130.0,0.0,0.0,280502.0,91.0,3.0,15.0,130.0,0.0,0.0,293684.0,91.0,3.0,15.0,130.0,0.0,0.0,56895.0,0.0,0.0,91067.0,0.0,0.0,184225.0,0.0,0.0,280502.0,0.0,0.0,293684.0,0.0,0.0,56895.0,91.0,3.0,5.0,130.0,0.0,0.0,91067.0,91.0,3.0,5.0,130.0,0.0,0.0,184225.0,91.0,3.0,5.0,130.0,0.0,0.0,280502.0,91.0,3.0,5.0,130.0,0.0,0.0,293684.0,91.0,3.0,5.0,130.0,0.0
1064215.0,17018.0,92.0,3.0,27118.0,91.0,3.0,53706.0,91.0,3.0,80171.0,91.0,3.0,83737.0,91.0,3.0,17018.0,92.0,3.0,5.0,130.0,0.0,0.0,27118.0,91.0,3.0,5.0,130.0,0.0,0.0,53706.0,91.0,3.0,5.0,130.0,0.0,0.0,80171.0,91.0,3.0,5.0,130.0,0.0,0.0,83737.0,91.0,3.0,5.0,130.0,0.0,0.0,17018.0,0.0,0.0,27118.0,0.0,0.0,53706.0,0.0,0.0,80171.0,0.0,0.0,83737.0,0.0,0.0,17018.0,92.0,3.0,5.0,130.0,0.0,0.0,27118.0,91.0,3.0,5.0,130.0,0.0,0.0,53706.0,91.0,3.0,5.0,130.0,0.0,0.0,80171.0,91.0,3.0,5.0,130.0,0.0,0.0,83737.0,91.0,3.0,5.0,130.0,0.0
718866.0,203.0,6522.0,24898081.0,283.0,6371.0,23135139.0,549.0,6231.0,20350193.0,1048.0,6072.0,17545207.0,1149.0,6050.0,17172373.0,203.0,6522.0,24898081.0,24898082.0,6523.0,-5397.0,0.0,283.0,6371.0,23135139.0,23135140.0,6372.0,-5318.0,0.0,549.0,6231.0,20350193.0,20350196.0,6231.0,-19704.0,0.0,1048.0,6072.0,17545207.0,17545215.0,6073.0,-29708.0,0.0,1149.0,6050.0,17172373.0,17172383.0,6050.0,-30176.0,0.0,202.0,0.0,0.0,281.0,0.0,0.0,527.0,0.0,0.0,970.0,0.0,0.0,1061.0,0.0,0.0,203.0,6522.0,24898081.0,24898081.0,6522.0,0.0,0.0,283.0,6371.0,23135139.0,23135139.0,6371.0,0.0,0.0,549.0,6231.0,20350193.0,20350193.0,6231.0,0.0,0.0,1048.0,6072.0,17545207.0,17545207.0,6072.0,0.0,0.0,1149.0,6050.0,17172373.0,17172373.0,6050.0,0.0
635338.0,100.0,290.0,158292.0,144.0,317.0,191227.0,319.0,359.0,251673.0,683.0,375.0,271895.0,753.0,376.0,272391.0,100.0,290.0,158292.0,158292.0,290.0,0.0,0.0,144.0,317.0,191227.0,191227.0,317.0,0.0,0.0,319.0,359.0,251673.0,251673.0,359.0,0.0,0.0,683.0,375.0,271895.0,271895.0,375.0,0.0,0.0,753.0,376.0,272391.0,272391.0,376.0,0.0,0.0,19.0,0.0,0.0,32.0,0.0,0.0,84.0,0.0,0.0,195.0,0.0,0.0,217.0,0.0,0.0,100.0,290.0,158292.0,158292.0,290.0,0.0,0.0,144.0,317.0,191227.0,191227.0,317.0,0.0,0.0,319.0,359.0,251673.0,251673.0,359.0,0.0,0.0,683.0,375.0,271895.0,271895.0,375.0,0.0,0.0,753.0,376.0,272391.0,272391.0,376.0,0.0
610051.0,44.0,97.0,0.0,49.0,97.0,0.0,98.0,97.0,0.0,203.0,98.0,0.0,221.0,97.0,0.0,44.0,97.0,0.0,0.0,138.0,0.0,0.0,49.0,97.0,0.0,0.0,138.0,0.0,0.0,100.0,98.0,0.0,0.0,138.0,0.0,0.0,209.0,98.0,0.0,0.0,138.0,0.0,0.0,228.0,97.0,0.0,0.0,138.0,0.0,0.0,1.0,1.0,0.0,1.0,1.0,0.0,1.0,1.0,0.0,1.0,1.0,0.0,1.0,1.0,1.0,44.0,97.0,0.0,0.0,138.0,0.0,0.0,49.0,97.0,0.0,0.0,138.0,0.0,0.0,100.0,98.0,0.0,0.0,138.0,0.0,0.0,209.0,98.0,0.0,0.0,138.0,0.0,0.0,228.0,97.0,0.0,0.0,138.0,0.0
913926.0,56081.0,91.0,3.0,87483.0,91.0,3.0,162375.0,91.0,3.0,230059.0,91.0,3.0,238825.0,91.0,3.0,56081.0,91.0,3.0,12.0,130.0,0.0,0.0,87483.0,91.0,3.0,13.0,130.0,0.0,0.0,162375.0,91.0,3.0,15.0,130.0,0.0,0.0,230059.0,91.0,3.0,16.0,130.0,0.0,0.0,238825.0,91.0,3.0,16.0,130.0,0.0,0.0,56081.0,0.0,0.0,87483.0,0.0,0.0,162375.0,0.0,0.0,230059.0,0.0,0.0,238825.0,0.0,0.0,56081.0,91.0,3.0,5.0,130.0,0.0,0.0,87483.0,91.0,3.0,5.0,130.0,0.0,0.0,162375.0,91.0,3.0,5.0,130.0,0.0,0.0,230059.0,91.0,3.0,5.0,130.0,0.0,0.0,238825.0,91.0,3.0,5.0,130.0,0.0
807630.0,57384.0,92.0,10.0,87556.0,92.0,12.0,154510.0,92.0,15.0,211125.0,92.0,16.0,218263.0,92.0,17.0,57384.0,92.0,10.0,11.0,130.0,0.0,0.0,87556.0,92.0,12.0,13.0,130.0,0.0,0.0,154510.0,92.0,15.0,16.0,130.0,0.0,0.0,211125.0,92.0,16.0,17.0,130.0,0.0,0.0,218263.0,92.0,17.0,17.0,130.0,0.0,0.0,57375.0,0.0,0.0,87541.0,0.0,0.0,154481.0,0.0,0.0,211084.0,0.0,0.0,218222.0,0.0,0.0,57375.0,92.0,4.0,5.0,130.0,0.0,0.0,87541.0,91.0,3.0,5.0,130.0,0.0,0.0,154481.0,91.0,3.0,5.0,130.0,0.0,0.0,211084.0,91.0,3.0,5.0,130.0,0.0,0.0,218222.0,91.0,3.0,5.0,130.0,0.0
1527809.0,58756.0,92.0,12.0,96589.0,92.0,11.0,220653.0,92.0,12.0,380248.0,92.0,14.0,404316.0,92.0,14.0,58756.0,92.0,12.0,12.0,130.0,0.0,0.0,96589.0,92.0,11.0,12.0,130.0,0.0,0.0,220653.0,92.0,12.0,13.0,130.0,0.0,0.0,380248.0,92.0,14.0,14.0,130.0,0.0,0.0,404316.0,92.0,14.0,14.0,130.0,0.0,0.0,58746.0,0.0,0.0,96573.0,0.0,0.0,220615.0,0.0,0.0,380181.0,0.0,0.0,404244.0,0.0,0.0,58746.0,92.0,3.0,5.0,130.0,0.0,0.0,96573.0,92.0,3.0,5.0,130.0,0.0,0.0,220615.0,92.0,4.0,5.0,130.0,0.0,0.0,380181.0,91.0,3.0,5.0,130.0,0.0,0.0,404244.0,91.0,3.0,5.0,130.0,0.0
1543636.0,58640.0,92.0,11.0,96535.0,92.0,11.0,221610.0,92.0,12.0,383890.0,92.0,14.0,408459.0,92.0,14.0,58640.0,92.0,11.0,12.0,130.0,0.0,0.0,96535.0,92.0,11.0,12.0,130.0,0.0,0.0,221610.0,92.0,12.0,13.0,130.0,0.0,0.0,383890.0,92.0,14.0,14.0,130.0,0.0,0.0,408459.0,92.0,14.0,14.0,130.0,0.0,0.0,58631.0,0.0,0.0,96519.0,0.0,0.0,221572.0,0.0,0.0,383823.0,0.0,0.0,408388.0,0.0,0.0,58631.0,92.0,3.0,5.0,130.0,0.0,0.0,96519.0,92.0,3.0,5.0,130.0,0.0,0.0,221572.0,91.0,4.0,5.0,130.0,0.0,0.0,383823.0,91.0,3.0,5.0,130.0,0.0,0.0,408388.0,91.0,3.0,5.0,130.0,0.0
1488900.0,57443.0,92.0,3.0,93841.0,92.0,3.0,211630.0,92.0,3.0,360223.0,92.0,3.0,382423.0,92.0,3.0,57443.0,92.0,3.0,10.0,130.0,0.0,0.0,93841.0,92.0,3.0,11.0,130.0,0.0,0.0,211630.0,92.0,3.0,12.0,130.0,0.0,0.0,360223.0,92.0,3.0,14.0,130.0,0.0,0.0,382423.0,92.0,3.0,14.0,130.0,0.0,0.0,57443.0,0.0,0.0,93841.0,0.0,0.0,211630.0,0.0,0.0,360223.0,0.0,0.0,382423.0,0.0,0.0,57443.0,92.0,3.0,5.0,130.0,0.0,0.0,93841.0,92.0,3.0,5.0,130.0,0.0,0.0,211630.0,92.0,3.0,5.0,130.0,0.0,0.0,360223.0,92.0,3.0,5.0,130.0,0.0,0.0,382423.0,92.0,3.0,5.0,130.0,0.0
782907.0,56632.0,92.0,4.0,85535.0,92.0,3.0,148196.0,92.0,3.0,200085.0,92.0,3.0,206574.0,92.0,3.0,56632.0,92.0,3.0,12.0,130.0,0.0,0.0,85535.0,92.0,3.0,14.0,130.0,0.0,0.0,148196.0,92.0,3.0,16.0,130.0,0.0,0.0,200085.0,92.0,3.0,17.0,130.0,0.0,0.0,206574.0,92.0,3.0,17.0,130.0,0.0,0.0,56632.0,0.0,0.0,85535.0,0.0,0.0,148196.0,0.0,0.0,200085.0,0.0,0.0,206574.0,0.0,0.0,56632.0,92.0,3.0,5.0,130.0,0.0,0.0,85535.0,92.0,3.0,5.0,130.0,0.0,0.0,148196.0,92.0,3.0,5.0,130.0,0.0,0.0,200085.0,92.0,3.0,5.0,130.0,0.0,0.0,206574.0,92.0,3.0,5.0,130.0,0.0
1856684.0,54417.0,92.0,3.0,91332.0,92.0,3.0,228904.0,92.0,3.0,439522.0,92.0,3.0,473956.0,92.0,3.0,54417.0,92.0,3.0,9.0,130.0,0.0,0.0,91332.0,92.0,3.0,10.0,130.0,0.0,0.0,228904.0,92.0,3.0,12.0,130.0,0.0,0.0,439522.0,92.0,3.0,13.0,130.0,0.0,0.0,473956.0,92.0,3.0,13.0,130.0,0.0,0.0,54417.0,0.0,0.0,91332.0,0.0,0.0,228904.0,0.0,0.0,439522.0,0.0,0.0,473956.0,0.0,0.0,54417.0,92.0,3.0,5.0,130.0,0.0,0.0,91332.0,92.0,3.0,5.0,130.0,0.0,0.0,228904.0,92.0,3.0,5.0,130.0,0.0,0.0,439522.0,92.0,3.0,5.0,130.0,0.0,0.0,473956.0,92.0,3.0,5.0,130.0,0.0
1582932.0,57924.0,92.0,3.0,94799.0,92.0,3.0,218425.0,92.0,3.0,382296.0,92.0,3.0,407344.0,92.0,3.0,57924.0,92.0,3.0,12.0,130.0,0.0,0.0,94799.0,92.0,3.0,12.0,130.0,0.0,0.0,218425.0,92.0,3.0,13.0,130.0,0.0,0.0,382296.0,92.0,3.0,14.0,130.0,0.0,0.0,407344.0,92.0,3.0,14.0,130.0,0.0,0.0,57924.0,0.0,0.0,94799.0,0.0,0.0,218425.0,0.0,0.0,382296.0,0.0,0.0,407344.0,0.0,0.0,57924.0,92.0,3.0,5.0,130.0,0.0,0.0,94799.0,92.0,3.0,5.0,130.0,0.0,0.0,218425.0,92.0,3.0,5.0,130.0,0.0,0.0,382296.0,92.0,3.0,5.0,130.0,0.0,0.0,407344.0,92.0,3.0,5.0,130.0,0.0
981253.0,55902.0,91.0,3.0,88304.0,91.0,3.0,169149.0,91.0,3.0,245453.0,91.0,3.0,255511.0,91.0,3.0,55902.0,91.0,3.0,11.0,130.0,0.0,0.0,88304.0,91.0,3.0,12.0,130.0,0.0,0.0,169149.0,91.0,3.0,15.0,130.0,0.0,0.0,245453.0,91.0,3.0,16.0,130.0,0.0,0.0,255511.0,91.0,3.0,16.0,130.0,0.0,0.0,55902.0,0.0,0.0,88304.0,0.0,0.0,169149.0,0.0,0.0,245453.0,0.0,0.0,255511.0,0.0,0.0,55902.0,91.0,3.0,5.0,130.0,0.0,0.0,88304.0,91.0,3.0,5.0,130.0,0.0,0.0,169149.0,91.0,3.0,5.0,130.0,0.0,0.0,245453.0,91.0,3.0,5.0,130.0,0.0,0.0,255511.0,91.0,3.0,5.0,130.0,0.0
1007446.0,18.0,59.0,0.0,29.0,60.0,0.0,82.0,59.0,0.0,220.0,60.0,0.0,250.0,60.0,0.0,18.0,59.0,0.0,0.0,59.0,0.0,0.0,29.0,60.0,0.0,0.0,60.0,0.0,0.0,83.0,60.0,0.0,0.0,60.0,0.0,0.0,223.0,60.0,0.0,0.0,60.0,0.0,0.0,253.0,59.0,0.0,0.0,59.0,0.0,0.0,1.0,0.0,0.0,1.0,0.0,0.0,1.0,0.0,0.0,1.0,0.0,0.0,1.0,0.0,0.0,18.0,59.0,0.0,0.0,59.0,0.0,0.0,29.0,59.0,0.0,0.0,59.0,0.0,0.0,83.0,60.0,0.0,0.0,60.0,0.0,0.0,223.0,60.0,0.0,0.0,60.0,0.0,0.0,253.0,59.0,0.0,0.0,59.0,0.0
1188514.0,1580.0,1484.0,56344.0,2445.0,1487.0,62761.0,5672.0,1494.0,74697.0,14811.0,1500.0,73190.0,16965.0,1501.0,72404.0,1580.0,1484.0,56344.0,56344.0,1484.0,0.0,0.0,2445.0,1487.0,62761.0,62761.0,1487.0,0.0,0.0,5672.0,1494.0,74697.0,74697.0,1494.0,0.0,0.0,14811.0,1500.0,73190.0,73190.0,1500.0,0.0,0.0,16965.0,1501.0,72404.0,72404.0,1501.0,0.0,0.0,1547.0,0.0,0.0,2384.0,0.0,0.0,5484.0,0.0,0.0,14190.0,0.0,0.0,16237.0,0.0,0.0,1547.0,1500.0,31177.0,31177.0,1500.0,0.0,0.0,2384.0,1502.0,38472.0,38472.0,1502.0,0.0,0.0,5484.0,1507.0,54949.0,54949.0,1507.0,0.0,0.0,14190.0,1510.0,61362.0,61362.0,1510.0,0.0,0.0,16237.0,1510.0,61469.0,61469.0,1510.0,0.0
1758473.0,2202.0,92.0,6.0,3725.0,92.0,5.0,10813.0,92.0,5.0,32192.0,92.0,4.0,37371.0,92.0,4.0,2202.0,92.0,6.0,7.0,130.0,0.0,0.0,3725.0,92.0,5.0,7.0,130.0,0.0,0.0,10813.0,92.0,5.0,6.0,130.0,0.0,0.0,32192.0,92.0,4.0,6.0,130.0,0.0,0.0,37371.0,92.0,4.0,6.0,130.0,0.0,0.0,2199.0,0.0,0.0,3721.0,0.0,0.0,10804.0,0.0,0.0,32168.0,0.0,0.0,37343.0,0.0,0.0,2199.0,92.0,3.0,5.0,130.0,0.0,0.0,3721.0,92.0,3.0,5.0,130.0,0.0,0.0,10804.0,92.0,3.0,5.0,130.0,0.0,0.0,32168.0,92.0,3.0,5.0,130.0,0.0,0.0,37343.0,92.0,3.0,5.0,130.0,0.0
1003599.0,6338.0,60.0,0.0,10553.0,60.0,0.0,29542.0,60.0,0.0,75987.0,60.0,0.0,85785.0,60.0,0.0,6392.0,60.0,0.0,0.0,60.0,0.0,0.0,10642.0,60.0,0.0,0.0,60.0,0.0,0.0,29782.0,60.0,0.0,0.0,60.0,0.0,0.0,76594.0,60.0,0.0,0.0,60.0,0.0,0.0,86469.0,60.0,0.0,0.0,60.0,0.0,0.0,1.0,0.0,0.0,1.0,0.0,0.0,1.0,0.0,0.0,1.0,0.0,0.0,1.0,0.0,0.0,6392.0,59.0,0.0,0.0,59.0,0.0,0.0,10641.0,60.0,0.0,0.0,60.0,0.0,0.0,29781.0,59.0,0.0,0.0,59.0,0.0,0.0,76593.0,59.0,0.0,0.0,59.0,0.0,0.0,86468.0,60.0,0.0,0.0,60.0,0.0
562167.0,54783.0,92.0,16.0,77767.0,92.0,18.0,119460.0,92.0,20.0,149065.0,92.0,20.0,152553.0,92.0,20.0,54783.0,92.0,16.0,17.0,130.0,0.0,0.0,77767.0,92.0,18.0,18.0,130.0,0.0,0.0,119460.0,92.0,20.0,20.0,130.0,0.0,0.0,149065.0,92.0,20.0,21.0,130.0,0.0,0.0,152553.0,92.0,20.0,21.0,130.0,0.0,0.0,54764.0,0.0,0.0,77743.0,0.0,0.0,119428.0,0.0,0.0,149028.0,0.0,0.0,152515.0,0.0,0.0,54764.0,91.0,3.0,5.0,130.0,0.0,0.0,77743.0,91.0,3.0,5.0,130.0,0.0,0.0,119428.0,91.0,3.0,5.0,130.0,0.0,0.0,149028.0,91.0,3.0,5.0,130.0,0.0,0.0,152515.0,91.0,3.0,5.0,130.0,0.0
668615.0,7.0,572.0,297866.0,10.0,545.0,286836.0,24.0,508.0,286529.0,51.0,528.0,337918.0,56.0,532.0,346165.0,7.0,572.0,297866.0,951721.0,811.0,-19950.0,0.0,10.0,545.0,286836.0,1063270.0,846.0,-31238.0,0.0,24.0,508.0,286529.0,993772.0,774.0,-56513.0,0.0,51.0,528.0,337918.0,832535.0,701.0,-67959.0,0.0,56.0,532.0,346165.0,813149.0,695.0,-67929.0,0.0,7.0,0.0,0.0,10.0,0.0,0.0,24.0,0.0,0.0,51.0,0.0,0.0,56.0,0.0,0.0,7.0,572.0,297866.0,351251.0,711.0,-95698.0,0.0,10.0,545.0,286836.0,337153.0,675.0,-97314.0,0.0,24.0,508.0,286529.0,329650.0,625.0,-83127.0,0.0,51.0,528.0,337918.0,370870.0,631.0,-80595.0,0.0,56.0,532.0,346165.0,377976.0,634.0,-81020.0
610007.0,48.0,296.0,46297.0,77.0,304.0,51692.0,211.0,324.0,64814.0,501.0,334.0,73103.0,558.0,335.0,73813.0,48.0,296.0,46297.0,47652.0,307.0,1458.0,0.0,77.0,304.0,51692.0,67149.0,324.0,1481.0,0.0,211.0,324.0,64814.0,146924.0,375.0,-766.0,0.0,501.0,334.0,73103.0,192380.0,409.0,-4030.0,0.0,558.0,335.0,73813.0,195986.0,411.0,-4398.0,0.0,48.0,0.0,0.0,77.0,0.0,0.0,211.0,0.0,0.0,501.0,0.0,0.0,558.0,0.0,0.0,31.0,328.0,45288.0,45288.0,328.0,0.0,0.0,47.0,327.0,44095.0,44095.0,327.0,0.0,0.0,121.0,330.0,44356.0,44356.0,330.0,0.0,0.0,283.0,330.0,45333.0,45333.0,330.0,0.0,0.0,314.0,329.0,45387.0,45387.0,329.0,0.0
1354879.0,137.0,75.0,75802.0,211.0,76.0,92661.0,420.0,118.0,354399.0,664.0,197.0,830878.0,699.0,210.0,904500.0,137.0,75.0,75802.0,1719817.0,774.0,-6570.0,0.0,211.0,76.0,92661.0,1880505.0,837.0,-13853.0,0.0,420.0,118.0,354399.0,2123801.0,960.0,-82751.0,0.0,664.0,197.0,830878.0,2306668.0,1035.0,-162924.0,0.0,699.0,210.0,904500.0,2331526.0,1041.0,-170810.0,0.0,134.0,0.0,0.0,207.0,0.0,0.0,403.0,0.0,0.0,615.0,0.0,0.0,645.0,0.0,0.0,137.0,75.0,75802.0,2522711.0,2191.0,-2837.0,0.0,211.0,76.0,92661.0,2702489.0,2225.0,-3411.0,0.0,420.0,118.0,354399.0,2834773.0,2254.0,-5129.0,0.0,664.0,197.0,830878.0,2872001.0,2246.0,-21882.0,0.0,699.0,210.0,904500.0,2875695.0,2243.0,-24731.0
1221394.0,58711.0,92.0,8.0,94762.0,92.0,10.0,197881.0,92.0,12.0,310379.0,92.0,14.0,326147.0,92.0,14.0,58711.0,92.0,8.0,9.0,130.0,0.0,0.0,94762.0,92.0,10.0,10.0,130.0,0.0,0.0,197881.0,92.0,12.0,13.0,130.0,0.0,0.0,310379.0,92.0,14.0,14.0,130.0,0.0,0.0,326147.0,92.0,14.0,15.0,130.0,0.0,0.0,58704.0,0.0,0.0,94749.0,0.0,0.0,197850.0,0.0,0.0,310327.0,0.0,0.0,326092.0,0.0,0.0,58704.0,91.0,4.0,5.0,130.0,0.0,0.0,94749.0,91.0,3.0,5.0,130.0,0.0,0.0,197850.0,91.0,3.0,5.0,130.0,0.0,0.0,310327.0,91.0,3.0,5.0,130.0,0.0,0.0,326092.0,91.0,3.0,5.0,130.0,0.0
1130191.0,57029.0,91.0,3.0,91205.0,91.0,3.0,184389.0,91.0,3.0,280713.0,91.0,3.0,293902.0,91.0,3.0,57029.0,91.0,3.0,12.0,130.0,0.0,0.0,91205.0,91.0,3.0,12.0,130.0,0.0,0.0,184389.0,91.0,3.0,14.0,130.0,0.0,0.0,280713.0,91.0,3.0,15.0,130.0,0.0,0.0,293902.0,91.0,3.0,15.0,130.0,0.0,0.0,57029.0,0.0,0.0,91205.0,0.0,0.0,184389.0,0.0,0.0,280713.0,0.0,0.0,293902.0,0.0,0.0,57029.0,91.0,3.0,5.0,130.0,0.0,0.0,91205.0,91.0,3.0,5.0,130.0,0.0,0.0,184389.0,91.0,3.0,5.0,130.0,0.0,0.0,280713.0,91.0,3.0,5.0,130.0,0.0,0.0,293902.0,91.0,3.0,5.0,130.0,0.0
1214252.0,59174.0,92.0,9.0,95162.0,92.0,10.0,197726.0,92.0,12.0,309163.0,92.0,14.0,324755.0,92.0,14.0,59174.0,92.0,9.0,9.0,130.0,0.0,0.0,95162.0,92.0,10.0,10.0,130.0,0.0,0.0,197726.0,92.0,12.0,13.0,130.0,0.0,0.0,309163.0,92.0,14.0,14.0,130.0,0.0,0.0,324755.0,92.0,14.0,15.0,130.0,0.0,0.0,59167.0,0.0,0.0,95149.0,0.0,0.0,197695.0,0.0,0.0,309111.0,0.0,0.0,324700.0,0.0,0.0,59167.0,92.0,3.0,5.0,130.0,0.0,0.0,95149.0,91.0,3.0,5.0,130.0,0.0,0.0,197695.0,91.0,3.0,5.0,130.0,0.0,0.0,309111.0,91.0,3.0,5.0,130.0,0.0,0.0,324700.0,91.0,3.0,5.0,130.0,0.0
1659860.0,59202.0,92.0,10.0,97456.0,92.0,11.0,229383.0,92.0,12.0,411153.0,92.0,13.0,439447.0,92.0,13.0,59202.0,92.0,10.0,11.0,130.0,0.0,0.0,97456.0,92.0,11.0,11.0,130.0,0.0,0.0,229383.0,92.0,12.0,12.0,130.0,0.0,0.0,411153.0,92.0,13.0,14.0,130.0,0.0,0.0,439447.0,92.0,13.0,14.0,130.0,0.0,0.0,59192.0,0.0,0.0,97439.0,0.0,0.0,229343.0,0.0,0.0,411080.0,0.0,0.0,439370.0,0.0,0.0,59192.0,92.0,3.0,5.0,130.0,0.0,0.0,97439.0,92.0,3.0,5.0,130.0,0.0,0.0,229343.0,92.0,4.0,5.0,130.0,0.0,0.0,411080.0,91.0,3.0,5.0,130.0,0.0,0.0,439370.0,91.0,4.0,5.0,130.0,0.0
1609811.0,17380.0,92.0,3.0,28605.0,92.0,3.0,66591.0,91.0,3.0,117643.0,91.0,3.0,125499.0,91.0,3.0,17380.0,92.0,3.0,5.0,130.0,0.0,0.0,28605.0,92.0,3.0,5.0,130.0,0.0,0.0,66591.0,91.0,3.0,5.0,130.0,0.0,0.0,117643.0,91.0,3.0,5.0,130.0,0.0,0.0,125499.0,91.0,3.0,5.0,130.0,0.0,0.0,17380.0,0.0,0.0,28605.0,0.0,0.0,66591.0,0.0,0.0,117643.0,0.0,0.0,125499.0,0.0,0.0,17380.0,92.0,3.0,5.0,130.0,0.0,0.0,28605.0,92.0,3.0,5.0,130.0,0.0,0.0,66591.0,91.0,3.0,5.0,130.0,0.0,0.0,117643.0,91.0,3.0,5.0,130.0,0.0,0.0,125499.0,91.0,3.0,5.0,130.0,0.0
829124.0,57859.0,92.0,10.0,88501.0,92.0,12.0,157582.0,92.0,15.0,216848.0,92.0,16.0,224365.0,92.0,16.0,57859.0,92.0,10.0,10.0,130.0,0.0,0.0,88501.0,92.0,12.0,12.0,130.0,0.0,0.0,157582.0,92.0,15.0,15.0,130.0,0.0,0.0,216848.0,92.0,16.0,17.0,130.0,0.0,0.0,224365.0,92.0,16.0,17.0,130.0,0.0,0.0,57852.0,0.0,0.0,88487.0,0.0,0.0,157553.0,0.0,0.0,216808.0,0.0,0.0,224323.0,0.0,0.0,57852.0,92.0,3.0,5.0,130.0,0.0,0.0,88487.0,92.0,4.0,5.0,130.0,0.0,0.0,157553.0,91.0,3.0,5.0,130.0,0.0,0.0,216808.0,91.0,3.0,5.0,130.0,0.0,0.0,224323.0,91.0,3.0,5.0,130.0,0.0
937040.0,590.0,4503.0,9838560.0,969.0,4542.0,10164713.0,2654.0,4620.0,10849618.0,6711.0,4635.0,10996425.0,7559.0,4634.0,10986153.0,590.0,4503.0,9838560.0,13028565.0,5249.0,49080.0,0.0,969.0,4542.0,10164713.0,13429735.0,5269.0,33742.0,0.0,2654.0,4620.0,10849618.0,13907188.0,5220.0,-41032.0,0.0,6711.0,4635.0,10996425.0,13572250.0,5048.0,-60056.0,0.0,7559.0,4634.0,10986153.0,13477176.0,5020.0,-58373.0,0.0,590.0,0.0,0.0,969.0,0.0,0.0,2654.0,0.0,0.0,6711.0,0.0,0.0,7559.0,0.0,0.0,590.0,4503.0,9838560.0,9838560.0,4503.0,0.0,0.0,969.0,4542.0,10164713.0,10164713.0,4542.0,0.0,0.0,2654.0,4620.0,10849618.0,10849618.0,4620.0,0.0,0.0,6711.0,4635.0,10996425.0,10996425.0,4635.0,0.0,0.0,7559.0,4634.0,10986153.0,10986153.0,4634.0,0.0
1011233.0,58152.0,92.0,10.0,91849.0,92.0,11.0,177483.0,92.0,14.0,259889.0,92.0,15.0,270841.0,92.0,15.0,58152.0,92.0,10.0,10.0,130.0,0.0,0.0,91849.0,92.0,11.0,12.0,130.0,0.0,0.0,177483.0,92.0,14.0,14.0,130.0,0.0,0.0,259889.0,92.0,15.0,16.0,130.0,0.0,0.0,270841.0,92.0,15.0,16.0,130.0,0.0,0.0,58144.0,0.0,0.0,91836.0,0.0,0.0,177454.0,0.0,0.0,259843.0,0.0,0.0,270793.0,0.0,0.0,58144.0,91.0,3.0,5.0,130.0,0.0,0.0,91836.0,91.0,3.0,5.0,130.0,0.0,0.0,177454.0,91.0,3.0,5.0,130.0,0.0,0.0,259843.0,91.0,3.0,5.0,130.0,0.0,0.0,270793.0,91.0,3.0,5.0,130.0,0.0
1539377.0,58585.0,92.0,11.0,96463.0,92.0,11.0,221272.0,92.0,12.0,382841.0,92.0,14.0,407277.0,92.0,14.0,58585.0,92.0,11.0,12.0,130.0,0.0,0.0,96463.0,92.0,11.0,12.0,130.0,0.0,0.0,221272.0,92.0,12.0,13.0,130.0,0.0,0.0,382841.0,92.0,14.0,14.0,130.0,0.0,0.0,407277.0,92.0,14.0,14.0,130.0,0.0,0.0,58576.0,0.0,0.0,96448.0,0.0,0.0,221234.0,0.0,0.0,382774.0,0.0,0.0,407205.0,0.0,0.0,58576.0,92.0,3.0,5.0,130.0,0.0,0.0,96448.0,92.0,3.0,5.0,130.0,0.0,0.0,221234.0,91.0,4.0,5.0,130.0,0.0,0.0,382774.0,91.0,3.0,5.0,130.0,0.0,0.0,407205.0,91.0,3.0,5.0,130.0,0.0
1680107.0,17546.0,92.0,3.0,28841.0,92.0,3.0,68005.0,91.0,3.0,122511.0,91.0,3.0,131037.0,91.0,3.0,17546.0,92.0,3.0,5.0,130.0,0.0,0.0,28841.0,92.0,3.0,5.0,130.0,0.0,0.0,68005.0,91.0,3.0,5.0,130.0,0.0,0.0,122511.0,91.0,3.0,5.0,130.0,0.0,0.0,131037.0,91.0,3.0,5.0,130.0,0.0,0.0,17546.0,0.0,0.0,28841.0,0.0,0.0,68005.0,0.0,0.0,122511.0,0.0,0.0,131037.0,0.0,0.0,17546.0,92.0,3.0,5.0,130.0,0.0,0.0,28841.0,92.0,3.0,5.0,130.0,0.0,0.0,68005.0,91.0,3.0,5.0,130.0,0.0,0.0,122511.0,91.0,3.0,5.0,130.0,0.0,0.0,131037.0,91.0,3.0,5.0,130.0,0.0
1658387.0,58720.0,92.0,10.0,96971.0,92.0,11.0,228826.0,92.0,12.0,410379.0,92.0,13.0,438631.0,92.0,13.0,58720.0,92.0,10.0,11.0,130.0,0.0,0.0,96971.0,92.0,11.0,11.0,130.0,0.0,0.0,228826.0,92.0,12.0,12.0,130.0,0.0,0.0,410379.0,92.0,13.0,14.0,130.0,0.0,0.0,438631.0,92.0,13.0,14.0,130.0,0.0,0.0,58710.0,0.0,0.0,96954.0,0.0,0.0,228786.0,0.0,0.0,410307.0,0.0,0.0,438554.0,0.0,0.0,58710.0,92.0,3.0,5.0,130.0,0.0,0.0,96954.0,92.0,3.0,5.0,130.0,0.0,0.0,228786.0,91.0,4.0,5.0,130.0,0.0,0.0,410307.0,91.0,3.0,5.0,130.0,0.0,0.0,438554.0,91.0,4.0,5.0,130.0,0.0
1844722.0,54269.0,92.0,3.0,91217.0,92.0,3.0,228288.0,92.0,3.0,436820.0,92.0,3.0,470812.0,92.0,3.0,54269.0,92.0,3.0,9.0,130.0,0.0,0.0,91217.0,92.0,3.0,10.0,130.0,0.0,0.0,228288.0,92.0,3.0,12.0,130.0,0.0,0.0,436820.0,92.0,3.0,13.0,130.0,0.0,0.0,470812.0,92.0,3.0,13.0,130.0,0.0,0.0,54269.0,0.0,0.0,91217.0,0.0,0.0,228288.0,0.0,0.0,436820.0,0.0,0.0,470812.0,0.0,0.0,54269.0,92.0,3.0,5.0,130.0,0.0,0.0,91217.0,92.0,3.0,5.0,130.0,0.0,0.0,228288.0,92.0,3.0,5.0,130.0,0.0,0.0,436820.0,92.0,3.0,5.0,130.0,0.0,0.0,470812.0,92.0,3.0,5.0,130.0,0.0
1365758.0,98.0,397.0,147283.0,163.0,403.0,151228.0,464.0,399.0,149539.0,1276.0,393.0,146528.0,1459.0,392.0,146239.0,98.0,397.0,147283.0,927182.0,931.0,51172.0,0.0,163.0,403.0,151228.0,1006919.0,1029.0,45557.0,0.0,464.0,399.0,149539.0,1024278.0,1007.0,23832.0,0.0,1276.0,393.0,146528.0,933993.0,878.0,15388.0,0.0,1459.0,392.0,146239.0,918335.0,862.0,14575.0,0.0,52.0,0.0,0.0,84.0,0.0,0.0,234.0,0.0,0.0,638.0,0.0,0.0,728.0,0.0,0.0,2.0,127.0,250.0,254.0,203.0,0.0,0.0,2.0,126.0,244.0,407.0,204.0,-1.0,0.0,6.0,122.0,206.0,1411.0,210.0,-19.0,0.0,16.0,120.0,173.0,1665.0,211.0,-15.0,0.0,18.0,120.0,170.0,1660.0,211.0,-14.0
1022570.0,17635.0,92.0,3.0,27843.0,92.0,3.0,53929.0,92.0,3.0,79199.0,92.0,3.0,82567.0,92.0,3.0,17635.0,92.0,3.0,5.0,130.0,0.0,0.0,27843.0,92.0,3.0,5.0,130.0,0.0,0.0,53929.0,92.0,3.0,5.0,130.0,0.0,0.0,79199.0,92.0,3.0,5.0,130.0,0.0,0.0,82567.0,92.0,3.0,5.0,130.0,0.0,0.0,17635.0,0.0,0.0,27843.0,0.0,0.0,53929.0,0.0,0.0,79199.0,0.0,0.0,82567.0,0.0,0.0,17635.0,92.0,3.0,5.0,130.0,0.0,0.0,27843.0,92.0,3.0,5.0,130.0,0.0,0.0,53929.0,92.0,3.0,5.0,130.0,0.0,0.0,79199.0,92.0,3.0,5.0,130.0,0.0,0.0,82567.0,92.0,3.0,5.0,130.0,0.0
983085.0,44.0,58.0,0.0,72.0,57.0,0.0,200.0,57.0,0.0,524.0,57.0,0.0,593.0,58.0,0.0,82.0,57.0,0.0,0.0,57.0,0.0,0.0,135.0,58.0,0.0,0.0,58.0,0.0,0.0,367.0,57.0,0.0,0.0,57.0,0.0,0.0,941.0,58.0,0.0,0.0,58.0,0.0,0.0,1063.0,57.0,0.0,0.0,57.0,0.0,0.0,1.0,0.0,0.0,1.0,0.0,0.0,1.0,0.0,0.0,1.0,0.0,0.0,1.0,0.0,0.0,37.0,58.0,0.0,0.0,58.0,0.0,0.0,62.0,57.0,0.0,0.0,57.0,0.0,0.0,173.0,57.0,0.0,0.0,57.0,0.0,0.0,448.0,57.0,0.0,0.0,57.0,0.0,0.0,506.0,58.0,0.0,0.0,58.0,0.0
762276.0,64.0,246.0,174086.0,103.0,240.0,169186.0,203.0,243.0,162293.0,344.0,253.0,157285.0,369.0,254.0,156674.0,64.0,246.0,174086.0,8720788.0,2272.0,18570.0,0.0,103.0,240.0,169186.0,7739245.0,1884.0,17951.0,0.0,203.0,243.0,162293.0,5680363.0,1392.0,25935.0,0.0,344.0,253.0,157285.0,4136123.0,1175.0,38378.0,0.0,369.0,254.0,156674.0,3993460.0,1159.0,39750.0,0.0,2.0,0.0,0.0,3.0,0.0,0.0,4.0,0.0,0.0,4.0,0.0,0.0,4.0,0.0,0.0,2.0,260.0,46571.0,8719174.0,2274.0,173530.0,0.0,3.0,248.0,44982.0,7737526.0,1885.0,169409.0,0.0,4.0,232.0,42772.0,5678205.0,1390.0,155276.0,0.0,4.0,223.0,41512.0,4133340.0,1169.0,136333.0,0.0,4.0,223.0,41376.0,3990600.0,1152.0,134136.0
1562349.0,17899.0,92.0,3.0,29345.0,92.0,3.0,67386.0,92.0,3.0,117232.0,92.0,3.0,124814.0,92.0,3.0,17899.0,92.0,3.0,5.0,130.0,0.0,0.0,29345.0,92.0,3.0,5.0,130.0,0.0,0.0,67386.0,92.0,3.0,5.0,130.0,0.0,0.0,117232.0,92.0,3.0,5.0,130.0,0.0,0.0,124814.0,92.0,3.0,5.0,130.0,0.0,0.0,17899.0,0.0,0.0,29345.0,0.0,0.0,67386.0,0.0,0.0,117232.0,0.0,0.0,124814.0,0.0,0.0,17899.0,92.0,3.0,5.0,130.0,0.0,0.0,29345.0,92.0,3.0,5.0,130.0,0.0,0.0,67386.0,92.0,3.0,5.0,130.0,0.0,0.0,117232.0,92.0,3.0,5.0,130.0,0.0,0.0,124814.0,92.0,3.0,5.0,130.0,0.0
1070689.0,58606.0,92.0,8.0,93104.0,92.0,10.0,183986.0,92.0,13.0,274725.0,92.0,14.0,286972.0,92.0,15.0,58606.0,92.0,8.0,9.0,130.0,0.0,0.0,93104.0,92.0,10.0,11.0,130.0,0.0,0.0,183986.0,92.0,13.0,13.0,130.0,0.0,0.0,274725.0,92.0,14.0,15.0,130.0,0.0,0.0,286972.0,92.0,15.0,15.0,130.0,0.0,0.0,58600.0,0.0,0.0,93093.0,0.0,0.0,183957.0,0.0,0.0,274680.0,0.0,0.0,286924.0,0.0,0.0,58600.0,91.0,3.0,5.0,130.0,0.0,0.0,93093.0,91.0,3.0,5.0,130.0,0.0,0.0,183957.0,91.0,3.0,5.0,130.0,0.0,0.0,274680.0,91.0,3.0,5.0,130.0,0.0,0.0,286924.0,91.0,3.0,5.0,130.0,0.0
1917771.0,861.0,7343.0,26376287.0,1355.0,7262.0,25805682.0,3123.0,7274.0,25277742.0,5819.0,7354.0,25255158.0,6262.0,7365.0,25263565.0,861.0,7343.0,26376287.0,26559721.0,7441.0,-151081.0,0.0,1355.0,7262.0,25805681.0,25995527.0,7354.0,-4644.0,0.0,3123.0,7274.0,25277742.0,25435706.0,7354.0,197285.0,0.0,5819.0,7354.0,25255158.0,25380118.0,7432.0,206802.0,0.0,6262.0,7365.0,25263565.0,25384743.0,7442.0,200974.0,0.0,861.0,0.0,0.0,1355.0,0.0,0.0,3123.0,0.0,0.0,5819.0,0.0,0.0,6262.0,0.0,0.0,861.0,7343.0,26376287.0,26376287.0,7344.0,-203.0,0.0,1355.0,7262.0,25805682.0,25805682.0,7263.0,-1759.0,0.0,3123.0,7274.0,25277742.0,25277742.0,7274.0,-4298.0,0.0,5819.0,7354.0,25255158.0,25255158.0,7355.0,-5631.0,0.0,6262.0,7365.0,25263565.0,25263565.0,7365.0,-5712.0
682092.0,56229.0,92.0,12.0,83172.0,92.0,14.0,137309.0,92.0,17.0,179226.0,92.0,18.0,184332.0,92.0,18.0,56229.0,92.0,12.0,13.0,130.0,0.0,0.0,83172.0,92.0,14.0,15.0,130.0,0.0,0.0,137309.0,92.0,17.0,17.0,130.0,0.0,0.0,179226.0,92.0,18.0,18.0,130.0,0.0,0.0,184332.0,92.0,18.0,18.0,130.0,0.0,0.0,56215.0,0.0,0.0,83152.0,0.0,0.0,137277.0,0.0,0.0,179187.0,0.0,0.0,184291.0,0.0,0.0,56215.0,91.0,3.0,5.0,130.0,0.0,0.0,83152.0,91.0,3.0,5.0,130.0,0.0,0.0,137277.0,91.0,3.0,5.0,130.0,0.0,0.0,179187.0,91.0,3.0,5.0,130.0,0.0,0.0,184291.0,91.0,3.0,5.0,130.0,0.0
722446.0,56801.0,92.0,14.0,84832.0,92.0,15.0,142963.0,92.0,17.0,189229.0,92.0,18.0,194926.0,92.0,18.0,56801.0,92.0,14.0,14.0,130.0,0.0,0.0,84832.0,92.0,15.0,16.0,130.0,0.0,0.0,142963.0,92.0,17.0,18.0,130.0,0.0,0.0,189229.0,92.0,18.0,18.0,130.0,0.0,0.0,194926.0,92.0,18.0,19.0,130.0,0.0,0.0,56788.0,0.0,0.0,84813.0,0.0,0.0,142932.0,0.0,0.0,189189.0,0.0,0.0,194884.0,0.0,0.0,56788.0,92.0,3.0,5.0,130.0,0.0,0.0,84813.0,91.0,3.0,5.0,130.0,0.0,0.0,142932.0,91.0,3.0,5.0,130.0,0.0,0.0,189189.0,91.0,3.0,5.0,130.0,0.0,0.0,194884.0,91.0,3.0,5.0,130.0,0.0
1413930.0,56617.0,92.0,3.0,92630.0,92.0,3.0,205646.0,92.0,3.0,342622.0,92.0,3.0,362719.0,92.0,3.0,56617.0,92.0,3.0,11.0,130.0,0.0,0.0,92630.0,92.0,3.0,11.0,130.0,0.0,0.0,205646.0,92.0,3.0,13.0,130.0,0.0,0.0,342622.0,92.0,3.0,14.0,130.0,0.0,0.0,362719.0,92.0,3.0,14.0,130.0,0.0,0.0,56617.0,0.0,0.0,92630.0,0.0,0.0,205646.0,0.0,0.0,342622.0,0.0,0.0,362719.0,0.0,0.0,56617.0,92.0,3.0,5.0,130.0,0.0,0.0,92630.0,92.0,3.0,5.0,130.0,0.0,0.0,205646.0,92.0,3.0,5.0,130.0,0.0,0.0,342622.0,92.0,3.0,5.0,130.0,0.0,0.0,362719.0,92.0,3.0,5.0,130.0,0.0
1172874.0,6227.0,60.0,0.0,10430.0,60.0,0.0,29696.0,60.0,0.0,79434.0,60.0,0.0,90270.0,60.0,0.0,6281.0,60.0,0.0,0.0,60.0,0.0,0.0,10520.0,60.0,0.0,0.0,60.0,0.0,0.0,29941.0,60.0,0.0,0.0,60.0,0.0,0.0,80073.0,60.0,0.0,0.0,60.0,0.0,0.0,90996.0,60.0,0.0,0.0,60.0,0.0,0.0,1.0,0.0,0.0,1.0,0.0,0.0,1.0,0.0,0.0,1.0,0.0,0.0,1.0,0.0,0.0,6281.0,60.0,0.0,0.0,60.0,0.0,0.0,10520.0,60.0,0.0,0.0,60.0,0.0,0.0,29940.0,59.0,0.0,0.0,59.0,0.0,0.0,80073.0,59.0,0.0,0.0,59.0,0.0,0.0,90995.0,60.0,0.0,0.0,60.0,0.0
719295.0,13.0,54.0,0.0,21.0,54.0,0.0,57.0,53.0,0.0,137.0,53.0,0.0,153.0,54.0,0.0,19.0,54.0,0.0,0.0,54.0,0.0,0.0,32.0,53.0,0.0,0.0,53.0,0.0,0.0,88.0,54.0,0.0,0.0,54.0,0.0,0.0,214.0,53.0,0.0,0.0,53.0,0.0,0.0,238.0,53.0,0.0,0.0,53.0,0.0,0.0,1.0,0.0,0.0,1.0,0.0,0.0,1.0,0.0,0.0,1.0,0.0,0.0,1.0,0.0,0.0,19.0,54.0,0.0,0.0,54.0,0.0,0.0,32.0,54.0,0.0,0.0,54.0,0.0,0.0,88.0,53.0,0.0,0.0,53.0,0.0,0.0,214.0,53.0,0.0,0.0,53.0,0.0,0.0,238.0,53.0,0.0,0.0,53.0,0.0
968344.0,23.0,63.0,3363.0,33.0,74.0,7350.0,56.0,95.0,14387.0,77.0,107.0,18296.0,80.0,109.0,18693.0,23.0,63.0,3363.0,8911038.0,2705.0,2617.0,0.0,33.0,74.0,7350.0,9003198.0,2680.0,4942.0,0.0,56.0,95.0,14387.0,8823233.0,2443.0,11917.0,0.0,77.0,107.0,18296.0,8055864.0,2018.0,17062.0,0.0,80.0,109.0,18693.0,7905693.0,1953.0,17590.0,0.0,23.0,0.0,0.0,33.0,0.0,0.0,56.0,0.0,0.0,77.0,0.0,0.0,80.0,0.0,0.0,11.0,56.0,1016.0,9092953.0,3374.0,31.0,0.0,14.0,62.0,3110.0,9227009.0,3370.0,-721.0,0.0,22.0,76.0,8481.0,9315803.0,3357.0,-3245.0,0.0,28.0,87.0,12494.0,9283300.0,3342.0,-5112.0,0.0,28.0,88.0,12952.0,9276458.0,3340.0,-5318.0
1377110.0,12.0,54.0,0.0,20.0,54.0,0.0,56.0,54.0,0.0,156.0,54.0,0.0,179.0,53.0,0.0,26.0,53.0,0.0,0.0,53.0,0.0,0.0,43.0,54.0,0.0,0.0,54.0,0.0,0.0,119.0,53.0,0.0,0.0,53.0,0.0,0.0,328.0,53.0,0.0,0.0,53.0,0.0,0.0,377.0,54.0,0.0,0.0,54.0,0.0,0.0,1.0,0.0,0.0,1.0,0.0,0.0,1.0,0.0,0.0,1.0,0.0,0.0,1.0,0.0,0.0,26.0,53.0,0.0,0.0,53.0,0.0,0.0,43.0,54.0,0.0,0.0,54.0,0.0,0.0,119.0,54.0,0.0,0.0,54.0,0.0,0.0,328.0,53.0,0.0,0.0,53.0,0.0,0.0,377.0,53.0,0.0,0.0,53.0,0.0
1209633.0,17445.0,92.0,3.0,28277.0,92.0,3.0,59074.0,92.0,3.0,92453.0,92.0,3.0,97119.0,92.0,3.0,17445.0,92.0,3.0,5.0,130.0,0.0,0.0,28277.0,92.0,3.0,5.0,130.0,0.0,0.0,59074.0,92.0,3.0,5.0,130.0,0.0,0.0,92453.0,92.0,3.0,5.0,130.0,0.0,0.0,97119.0,92.0,3.0,5.0,130.0,0.0,0.0,17445.0,0.0,0.0,28277.0,0.0,0.0,59074.0,0.0,0.0,92453.0,0.0,0.0,97119.0,0.0,0.0,17445.0,92.0,3.0,5.0,130.0,0.0,0.0,28277.0,92.0,3.0,5.0,130.0,0.0,0.0,59074.0,92.0,3.0,5.0,130.0,0.0,0.0,92453.0,92.0,3.0,5.0,130.0,0.0,0.0,97119.0,92.0,3.0,5.0,130.0,0.0
821203.0,38.0,54.0,0.0,61.0,53.0,0.0,161.0,53.0,0.0,397.0,53.0,0.0,447.0,53.0,0.0,41.0,53.0,0.0,0.0,53.0,0.0,0.0,66.0,53.0,0.0,0.0,53.0,0.0,0.0,175.0,54.0,0.0,0.0,54.0,0.0,0.0,439.0,54.0,0.0,0.0,54.0,0.0,0.0,494.0,54.0,0.0,0.0,54.0,0.0,0.0,1.0,0.0,0.0,1.0,0.0,0.0,1.0,0.0,0.0,1.0,0.0,0.0,1.0,0.0,0.0,1.0,54.0,0.0,0.0,54.0,0.0,0.0,1.0,54.0,0.0,0.0,54.0,0.0,0.0,1.0,54.0,0.0,0.0,54.0,0.0,0.0,1.0,54.0,0.0,0.0,54.0,0.0,0.0,1.0,54.0,0.0,0.0,54.0,0.0
1277255.0,5.0,132.0,16539.0,8.0,146.0,50791.0,17.0,187.0,163943.0,27.0,215.0,247642.0,28.0,217.0,256168.0,5.0,132.0,16539.0,231909.0,301.0,5659.0,0.0,8.0,146.0,50791.0,270782.0,334.0,9955.0,0.0,17.0,187.0,163943.0,418310.0,428.0,12677.0,0.0,27.0,215.0,247642.0,553829.0,510.0,8258.0,0.0,28.0,217.0,256168.0,567288.0,518.0,7193.0,0.0,4.0,0.0,0.0,7.0,0.0,0.0,13.0,0.0,0.0,20.0,0.0,0.0,21.0,0.0,0.0,5.0,132.0,16539.0,16539.0,132.0,0.0,0.0,8.0,146.0,50791.0,50791.0,146.0,0.0,0.0,17.0,187.0,163943.0,163943.0,187.0,0.0,0.0,27.0,215.0,247642.0,247642.0,215.0,0.0,0.0,28.0,217.0,256168.0,256168.0,217.0,0.0
770101.0,56200.0,92.0,3.0,84790.0,92.0,3.0,146169.0,92.0,3.0,196548.0,92.0,3.0,202826.0,92.0,3.0,56200.0,92.0,3.0,12.0,130.0,0.0,0.0,84790.0,92.0,3.0,14.0,130.0,0.0,0.0,146169.0,92.0,3.0,16.0,130.0,0.0,0.0,196548.0,92.0,3.0,18.0,130.0,0.0,0.0,202826.0,92.0,3.0,18.0,130.0,0.0,0.0,56200.0,0.0,0.0,84790.0,0.0,0.0,146169.0,0.0,0.0,196548.0,0.0,0.0,202826.0,0.0,0.0,56200.0,92.0,3.0,5.0,130.0,0.0,0.0,84790.0,92.0,3.0,5.0,130.0,0.0,0.0,146169.0,92.0,3.0,5.0,130.0,0.0,0.0,196548.0,92.0,3.0,5.0,130.0,0.0,0.0,202826.0,92.0,3.0,5.0,130.0,0.0
1459920.0,17701.0,92.0,3.0,29015.0,92.0,3.0,65067.0,92.0,3.0,109783.0,92.0,3.0,116417.0,92.0,3.0,17701.0,92.0,3.0,5.0,130.0,0.0,0.0,29015.0,92.0,3.0,5.0,130.0,0.0,0.0,65067.0,92.0,3.0,5.0,130.0,0.0,0.0,109783.0,92.0,3.0,5.0,130.0,0.0,0.0,116417.0,92.0,3.0,5.0,130.0,0.0,0.0,17701.0,0.0,0.0,29015.0,0.0,0.0,65067.0,0.0,0.0,109783.0,0.0,0.0,116417.0,0.0,0.0,17701.0,92.0,3.0,5.0,130.0,0.0,0.0,29015.0,92.0,3.0,5.0,130.0,0.0,0.0,65067.0,92.0,3.0,5.0,130.0,0.0,0.0,109783.0,92.0,3.0,5.0,130.0,0.0,0.0,116417.0,92.0,3.0,5.0,130.0,0.0
1754136.0,59150.0,92.0,9.0,97624.0,92.0,10.0,234818.0,92.0,11.0,433301.0,92.0,13.0,464917.0,92.0,13.0,59150.0,92.0,9.0,10.0,130.0,0.0,0.0,97624.0,92.0,10.0,11.0,130.0,0.0,0.0,234818.0,92.0,11.0,12.0,130.0,0.0,0.0,433301.0,92.0,13.0,13.0,130.0,0.0,0.0,464917.0,92.0,13.0,14.0,130.0,0.0,0.0,59142.0,0.0,0.0,97610.0,0.0,0.0,234780.0,0.0,0.0,433228.0,0.0,0.0,464838.0,0.0,0.0,59142.0,92.0,3.0,5.0,130.0,0.0,0.0,97610.0,92.0,3.0,5.0,130.0,0.0,0.0,234780.0,92.0,4.0,5.0,130.0,0.0,0.0,433228.0,91.0,3.0,5.0,130.0,0.0,0.0,464838.0,91.0,4.0,5.0,130.0,0.0
639774.0,54225.0,91.0,3.0,79188.0,92.0,3.0,127433.0,92.0,3.0,163554.0,92.0,3.0,167897.0,92.0,3.0,54225.0,91.0,3.0,13.0,130.0,0.0,0.0,79188.0,92.0,3.0,15.0,130.0,0.0,0.0,127433.0,92.0,3.0,18.0,130.0,0.0,0.0,163554.0,92.0,3.0,19.0,130.0,0.0,0.0,167897.0,92.0,3.0,19.0,130.0,0.0,0.0,54225.0,0.0,0.0,79188.0,0.0,0.0,127433.0,0.0,0.0,163554.0,0.0,0.0,167897.0,0.0,0.0,54225.0,91.0,3.0,5.0,130.0,0.0,0.0,79188.0,92.0,3.0,5.0,130.0,0.0,0.0,127433.0,92.0,3.0,5.0,130.0,0.0,0.0,163554.0,92.0,3.0,5.0,130.0,0.0,0.0,167897.0,92.0,3.0,5.0,130.0,0.0
1791805.0,54178.0,92.0,3.0,91323.0,92.0,3.0,226108.0,92.0,3.0,425392.0,92.0,3.0,457449.0,92.0,3.0,54178.0,92.0,3.0,9.0,130.0,0.0,0.0,91323.0,92.0,3.0,10.0,130.0,0.0,0.0,226108.0,92.0,3.0,12.0,130.0,0.0,0.0,425392.0,92.0,3.0,13.0,130.0,0.0,0.0,457449.0,92.0,3.0,13.0,130.0,0.0,0.0,54178.0,0.0,0.0,91323.0,0.0,0.0,226108.0,0.0,0.0,425392.0,0.0,0.0,457449.0,0.0,0.0,54178.0,92.0,3.0,5.0,130.0,0.0,0.0,91323.0,92.0,3.0,5.0,130.0,0.0,0.0,226108.0,92.0,3.0,5.0,130.0,0.0,0.0,425392.0,92.0,3.0,5.0,130.0,0.0,0.0,457449.0,92.0,3.0,5.0,130.0,0.0
1909700.0,18008.0,92.0,3.0,29703.0,92.0,3.0,73459.0,92.0,3.0,141882.0,92.0,3.0,153200.0,92.0,3.0,18008.0,92.0,3.0,5.0,130.0,0.0,0.0,29703.0,92.0,3.0,5.0,130.0,0.0,0.0,73459.0,92.0,3.0,5.0,130.0,0.0,0.0,141882.0,92.0,3.0,5.0,130.0,0.0,0.0,153200.0,92.0,3.0,5.0,130.0,0.0,0.0,18008.0,0.0,0.0,29703.0,0.0,0.0,73459.0,0.0,0.0,141882.0,0.0,0.0,153200.0,0.0,0.0,18008.0,92.0,3.0,5.0,130.0,0.0,0.0,29703.0,92.0,3.0,5.0,130.0,0.0,0.0,73459.0,92.0,3.0,5.0,130.0,0.0,0.0,141882.0,92.0,3.0,5.0,130.0,0.0,0.0,153200.0,92.0,3.0,5.0,130.0,0.0
1963940.0,53256.0,92.0,3.0,89988.0,92.0,3.0,231925.0,92.0,3.0,461619.0,92.0,3.0,500183.0,92.0,3.0,53256.0,92.0,3.0,9.0,130.0,0.0,0.0,89988.0,92.0,3.0,10.0,130.0,0.0,0.0,231925.0,92.0,3.0,11.0,130.0,0.0,0.0,461619.0,92.0,3.0,13.0,130.0,0.0,0.0,500183.0,92.0,3.0,13.0,130.0,0.0,0.0,53256.0,0.0,0.0,89988.0,0.0,0.0,231925.0,0.0,0.0,461619.0,0.0,0.0,500183.0,0.0,0.0,53256.0,92.0,3.0,5.0,130.0,0.0,0.0,89988.0,92.0,3.0,5.0,130.0,0.0,0.0,231925.0,92.0,3.0,5.0,130.0,0.0,0.0,461619.0,92.0,3.0,5.0,130.0,0.0,0.0,500183.0,92.0,3.0,5.0,130.0,0.0
666627.0,56417.0,92.0,13.0,82864.0,92.0,15.0,135278.0,92.0,17.0,175384.0,92.0,18.0,180247.0,92.0,18.0,56417.0,92.0,13.0,13.0,130.0,0.0,0.0,82864.0,92.0,15.0,15.0,130.0,0.0,0.0,135278.0,92.0,17.0,18.0,130.0,0.0,0.0,175384.0,92.0,18.0,19.0,130.0,0.0,0.0,180247.0,92.0,18.0,19.0,130.0,0.0,0.0,56402.0,0.0,0.0,82843.0,0.0,0.0,135246.0,0.0,0.0,175344.0,0.0,0.0,180206.0,0.0,0.0,56402.0,91.0,3.0,5.0,130.0,0.0,0.0,82843.0,91.0,3.0,5.0,130.0,0.0,0.0,135246.0,91.0,3.0,5.0,130.0,0.0,0.0,175344.0,91.0,3.0,5.0,130.0,0.0,0.0,180206.0,91.0,3.0,5.0,130.0,0.0
1512381.0,59119.0,92.0,11.0,96891.0,92.0,11.0,219983.0,92.0,12.0,377038.0,92.0,14.0,400635.0,92.0,14.0,59119.0,92.0,11.0,11.0,130.0,0.0,0.0,96891.0,92.0,11.0,12.0,130.0,0.0,0.0,219983.0,92.0,12.0,13.0,130.0,0.0,0.0,377038.0,92.0,14.0,14.0,130.0,0.0,0.0,400635.0,92.0,14.0,14.0,130.0,0.0,0.0,59109.0,0.0,0.0,96875.0,0.0,0.0,219945.0,0.0,0.0,376972.0,0.0,0.0,400564.0,0.0,0.0,59109.0,92.0,3.0,5.0,130.0,0.0,0.0,96875.0,92.0,3.0,5.0,130.0,0.0,0.0,219945.0,92.0,4.0,5.0,130.0,0.0,0.0,376972.0,91.0,3.0,5.0,130.0,0.0,0.0,400564.0,91.0,3.0,5.0,130.0,0.0
1298189.0,56588.0,92.0,3.0,92024.0,92.0,3.0,197651.0,92.0,3.0,318060.0,92.0,3.0,335255.0,92.0,3.0,56588.0,92.0,3.0,11.0,130.0,0.0,0.0,92024.0,92.0,3.0,12.0,130.0,0.0,0.0,197651.0,92.0,3.0,13.0,130.0,0.0,0.0,318060.0,92.0,3.0,15.0,130.0,0.0,0.0,335255.0,92.0,3.0,15.0,130.0,0.0,0.0,56588.0,0.0,0.0,92024.0,0.0,0.0,197651.0,0.0,0.0,318060.0,0.0,0.0,335255.0,0.0,0.0,56588.0,92.0,3.0,5.0,130.0,0.0,0.0,92024.0,92.0,3.0,5.0,130.0,0.0,0.0,197651.0,92.0,3.0,5.0,130.0,0.0,0.0,318060.0,92.0,3.0,5.0,130.0,0.0,0.0,335255.0,92.0,3.0,5.0,130.0,0.0
1605911.0,17611.0,92.0,3.0,29102.0,92.0,3.0,67938.0,92.0,3.0,119999.0,92.0,3.0,128001.0,92.0,3.0,17611.0,92.0,3.0,5.0,130.0,0.0,0.0,29102.0,92.0,3.0,5.0,130.0,0.0,0.0,67938.0,92.0,3.0,5.0,130.0,0.0,0.0,119999.0,92.0,3.0,5.0,130.0,0.0,0.0,128001.0,92.0,3.0,5.0,130.0,0.0,0.0,17611.0,0.0,0.0,29102.0,0.0,0.0,67938.0,0.0,0.0,119999.0,0.0,0.0,128001.0,0.0,0.0,17611.0,92.0,3.0,5.0,130.0,0.0,0.0,29102.0,92.0,3.0,5.0,130.0,0.0,0.0,67938.0,92.0,3.0,5.0,130.0,0.0,0.0,119999.0,92.0,3.0,5.0,130.0,0.0,0.0,128001.0,92.0,3.0,5.0,130.0,0.0
1038526.0,17693.0,92.0,3.0,27969.0,92.0,3.0,54497.0,92.0,3.0,80457.0,92.0,3.0,83932.0,92.0,3.0,17693.0,92.0,3.0,5.0,130.0,0.0,0.0,27969.0,92.0,3.0,5.0,130.0,0.0,0.0,54497.0,92.0,3.0,5.0,130.0,0.0,0.0,80457.0,92.0,3.0,5.0,130.0,0.0,0.0,83932.0,92.0,3.0,5.0,130.0,0.0,0.0,17693.0,0.0,0.0,27969.0,0.0,0.0,54497.0,0.0,0.0,80457.0,0.0,0.0,83932.0,0.0,0.0,17693.0,92.0,3.0,5.0,130.0,0.0,0.0,27969.0,92.0,3.0,5.0,130.0,0.0,0.0,54497.0,92.0,3.0,5.0,130.0,0.0,0.0,80457.0,92.0,3.0,5.0,130.0,0.0,0.0,83932.0,92.0,3.0,5.0,130.0,0.0
1977824.0,1634.0,3131.0,12557582.0,2616.0,2989.0,11258004.0,6254.0,2743.0,9745792.0,13076.0,2401.0,8912173.0,14414.0,2342.0,8790581.0,1639.0,3126.0,12532743.0,12532743.0,3126.0,0.0,0.0,2625.0,2983.0,11231198.0,11231198.0,2983.0,0.0,0.0,6279.0,2737.0,9720078.0,9720078.0,2737.0,0.0,0.0,13123.0,2397.0,8888996.0,8888996.0,2397.0,0.0,0.0,14465.0,2338.0,8767937.0,8767937.0,2338.0,0.0,0.0,6.0,0.0,0.0,8.0,0.0,0.0,18.0,0.0,0.0,36.0,0.0,0.0,39.0,0.0,0.0,1362.0,3700.0,12944685.0,12944685.0,3700.0,0.0,0.0,2159.0,3557.0,11579911.0,11579911.0,3557.0,0.0,0.0,4953.0,3394.0,10048055.0,10048055.0,3394.0,0.0,0.0,9191.0,3337.0,9506449.0,9506449.0,3337.0,0.0,0.0,9888.0,3332.0,9463171.0,9463171.0,3332.0,0.0
715759.0,55617.0,92.0,3.0,82809.0,92.0,3.0,138763.0,92.0,3.0,182989.0,92.0,3.0,188420.0,92.0,3.0,55617.0,92.0,3.0,15.0,130.0,0.0,0.0,82809.0,92.0,3.0,16.0,130.0,0.0,0.0,138763.0,92.0,3.0,18.0,130.0,0.0,0.0,182989.0,92.0,3.0,19.0,130.0,0.0,0.0,188420.0,92.0,3.0,19.0,130.0,0.0,0.0,55617.0,0.0,0.0,82809.0,0.0,0.0,138763.0,0.0,0.0,182989.0,0.0,0.0,188420.0,0.0,0.0,55617.0,92.0,3.0,5.0,130.0,0.0,0.0,82809.0,92.0,3.0,5.0,130.0,0.0,0.0,138763.0,92.0,3.0,5.0,130.0,0.0,0.0,182989.0,92.0,3.0,5.0,130.0,0.0,0.0,188420.0,92.0,3.0,5.0,130.0,0.0
1520012.0,59038.0,92.0,11.0,96841.0,92.0,11.0,220424.0,92.0,12.0,378758.0,92.0,13.0,402592.0,92.0,14.0,59038.0,92.0,11.0,11.0,130.0,0.0,0.0,96841.0,92.0,11.0,11.0,130.0,0.0,0.0,220424.0,92.0,12.0,13.0,130.0,0.0,0.0,378758.0,92.0,13.0,14.0,130.0,0.0,0.0,402592.0,92.0,14.0,14.0,130.0,0.0,0.0,59029.0,0.0,0.0,96826.0,0.0,0.0,220387.0,0.0,0.0,378692.0,0.0,0.0,402521.0,0.0,0.0,59029.0,92.0,3.0,5.0,130.0,0.0,0.0,96826.0,92.0,3.0,5.0,130.0,0.0,0.0,220387.0,91.0,4.0,5.0,130.0,0.0,0.0,378692.0,91.0,3.0,5.0,130.0,0.0,0.0,402521.0,91.0,3.0,5.0,130.0,0.0
1005191.0,56210.0,91.0,3.0,88924.0,91.0,3.0,171815.0,91.0,3.0,251240.0,91.0,3.0,261776.0,91.0,3.0,56210.0,91.0,3.0,11.0,130.0,0.0,0.0,88924.0,91.0,3.0,12.0,130.0,0.0,0.0,171815.0,91.0,3.0,14.0,130.0,0.0,0.0,251240.0,91.0,3.0,16.0,130.0,0.0,0.0,261776.0,91.0,3.0,16.0,130.0,0.0,0.0,56210.0,0.0,0.0,88924.0,0.0,0.0,171815.0,0.0,0.0,251240.0,0.0,0.0,261776.0,0.0,0.0,56210.0,91.0,3.0,5.0,130.0,0.0,0.0,88924.0,91.0,3.0,5.0,130.0,0.0,0.0,171815.0,91.0,3.0,5.0,130.0,0.0,0.0,251240.0,91.0,3.0,5.0,130.0,0.0,0.0,261776.0,91.0,3.0,5.0,130.0,0.0
1618016.0,17449.0,92.0,3.0,28684.0,92.0,3.0,66824.0,91.0,3.0,118314.0,91.0,3.0,126254.0,91.0,3.0,17449.0,92.0,3.0,5.0,130.0,0.0,0.0,28684.0,92.0,3.0,5.0,130.0,0.0,0.0,66824.0,91.0,3.0,5.0,130.0,0.0,0.0,118314.0,91.0,3.0,5.0,130.0,0.0,0.0,126254.0,91.0,3.0,5.0,130.0,0.0,0.0,17449.0,0.0,0.0,28684.0,0.0,0.0,66824.0,0.0,0.0,118314.0,0.0,0.0,126254.0,0.0,0.0,17449.0,92.0,3.0,5.0,130.0,0.0,0.0,28684.0,92.0,3.0,5.0,130.0,0.0,0.0,66824.0,91.0,3.0,5.0,130.0,0.0,0.0,118314.0,91.0,3.0,5.0,130.0,0.0,0.0,126254.0,91.0,3.0,5.0,130.0,0.0
1384901.0,1818.0,1274.0,17084.0,1906.0,1274.0,17681.0,2197.0,1272.0,19066.0,2655.0,1271.0,21114.0,2730.0,1270.0,21449.0,2024.0,1275.0,16932.0,16948.0,1279.0,175.0,0.0,2147.0,1274.0,18137.0,18153.0,1278.0,230.0,0.0,2482.0,1271.0,20385.0,20458.0,1276.0,781.0,0.0,2965.0,1269.0,22633.0,25701.0,1274.0,1268.0,0.0,3042.0,1269.0,22964.0,27562.0,1274.0,1360.0,0.0,1793.0,0.0,0.0,1843.0,0.0,0.0,1910.0,0.0,0.0,1991.0,0.0,0.0,2006.0,0.0,0.0,2024.0,1275.0,16932.0,16948.0,1279.0,156.0,0.0,2147.0,1274.0,18137.0,18153.0,1278.0,180.0,0.0,2482.0,1271.0,20385.0,20407.0,1275.0,713.0,0.0,2965.0,1269.0,22633.0,22676.0,1274.0,972.0,0.0,3042.0,1269.0,22964.0,23012.0,1273.0,997.0
1835081.0,17638.0,91.0,3.0,29290.0,92.0,3.0,71957.0,92.0,3.0,136319.0,92.0,3.0,146780.0,92.0,3.0,17638.0,91.0,3.0,5.0,130.0,0.0,0.0,29290.0,92.0,3.0,5.0,130.0,0.0,0.0,71957.0,92.0,3.0,5.0,130.0,0.0,0.0,136319.0,92.0,3.0,5.0,130.0,0.0,0.0,146780.0,92.0,3.0,5.0,130.0,0.0,0.0,17638.0,0.0,0.0,29290.0,0.0,0.0,71957.0,0.0,0.0,136319.0,0.0,0.0,146780.0,0.0,0.0,17638.0,91.0,3.0,5.0,130.0,0.0,0.0,29290.0,92.0,3.0,5.0,130.0,0.0,0.0,71957.0,92.0,3.0,5.0,130.0,0.0,0.0,136319.0,92.0,3.0,5.0,130.0,0.0,0.0,146780.0,92.0,3.0,5.0,130.0,0.0
660348.0,54795.0,91.0,3.0,80398.0,92.0,3.0,130754.0,92.0,3.0,169025.0,92.0,3.0,173653.0,92.0,3.0,54795.0,91.0,3.0,14.0,130.0,0.0,0.0,80398.0,92.0,3.0,16.0,130.0,0.0,0.0,130754.0,92.0,3.0,18.0,130.0,0.0,0.0,169025.0,92.0,3.0,19.0,130.0,0.0,0.0,173653.0,92.0,3.0,19.0,130.0,0.0,0.0,54795.0,0.0,0.0,80398.0,0.0,0.0,130754.0,0.0,0.0,169025.0,0.0,0.0,173653.0,0.0,0.0,54795.0,91.0,3.0,5.0,130.0,0.0,0.0,80398.0,92.0,3.0,5.0,130.0,0.0,0.0,130754.0,92.0,3.0,5.0,130.0,0.0,0.0,169025.0,92.0,3.0,5.0,130.0,0.0,0.0,173653.0,92.0,3.0,5.0,130.0,0.0
1569624.0,59252.0,92.0,12.0,97243.0,92.0,12.0,223936.0,92.0,12.0,390605.0,92.0,14.0,415999.0,92.0,14.0,59252.0,92.0,12.0,13.0,130.0,0.0,0.0,97243.0,92.0,12.0,12.0,130.0,0.0,0.0,223936.0,92.0,12.0,13.0,130.0,0.0,0.0,390605.0,92.0,14.0,14.0,130.0,0.0,0.0,415999.0,92.0,14.0,14.0,130.0,0.0,0.0,59241.0,0.0,0.0,97226.0,0.0,0.0,223897.0,0.0,0.0,390535.0,0.0,0.0,415924.0,0.0,0.0,59241.0,92.0,3.0,5.0,130.0,0.0,0.0,97226.0,92.0,3.0,5.0,130.0,0.0,0.0,223897.0,92.0,4.0,5.0,130.0,0.0,0.0,390535.0,91.0,3.0,5.0,130.0,0.0,0.0,415924.0,91.0,3.0,5.0,130.0,0.0
1982314.0,58813.0,92.0,8.0,97580.0,92.0,9.0,245998.0,92.0,11.0,486814.0,92.0,12.0,527368.0,92.0,12.0,58813.0,92.0,8.0,9.0,130.0,0.0,0.0,97580.0,92.0,9.0,10.0,130.0,0.0,0.0,245998.0,92.0,11.0,11.0,130.0,0.0,0.0,486814.0,92.0,12.0,13.0,130.0,0.0,0.0,527368.0,92.0,12.0,13.0,130.0,0.0,0.0,58807.0,0.0,0.0,97568.0,0.0,0.0,245962.0,0.0,0.0,486736.0,0.0,0.0,527282.0,0.0,0.0,58807.0,92.0,3.0,5.0,130.0,0.0,0.0,97568.0,92.0,3.0,5.0,130.0,0.0,0.0,245962.0,92.0,4.0,5.0,130.0,0.0,0.0,486736.0,91.0,3.0,5.0,130.0,0.0,0.0,527282.0,91.0,4.0,5.0,130.0,0.0
558451.0,16393.0,92.0,3.0,23265.0,92.0,3.0,35697.0,92.0,3.0,44505.0,92.0,3.0,45542.0,92.0,3.0,16393.0,92.0,3.0,5.0,130.0,0.0,0.0,23265.0,92.0,3.0,5.0,130.0,0.0,0.0,35697.0,92.0,3.0,5.0,130.0,0.0,0.0,44505.0,92.0,3.0,5.0,130.0,0.0,0.0,45542.0,92.0,3.0,5.0,130.0,0.0,0.0,16393.0,0.0,0.0,23265.0,0.0,0.0,35697.0,0.0,0.0,44505.0,0.0,0.0,45542.0,0.0,0.0,16393.0,92.0,3.0,5.0,130.0,0.0,0.0,23265.0,92.0,3.0,5.0,130.0,0.0,0.0,35697.0,92.0,3.0,5.0,130.0,0.0,0.0,44505.0,92.0,3.0,5.0,130.0,0.0,0.0,45542.0,92.0,3.0,5.0,130.0,0.0
750473.0,46.0,416.0,463157.0,67.0,420.0,517445.0,138.0,432.0,637874.0,275.0,424.0,677052.0,300.0,422.0,677498.0,46.0,416.0,463157.0,463157.0,416.0,0.0,0.0,67.0,420.0,517445.0,517445.0,420.0,0.0,0.0,138.0,432.0,637874.0,637874.0,432.0,0.0,0.0,275.0,424.0,677052.0,677052.0,424.0,0.0,0.0,300.0,422.0,677498.0,677498.0,422.0,0.0,0.0,6.0,0.0,0.0,7.0,0.0,0.0,9.0,0.0,0.0,10.0,0.0,0.0,10.0,0.0,0.0,4.0,265.0,135877.0,135877.0,265.0,0.0,0.0,4.0,268.0,138500.0,138500.0,268.0,0.0,0.0,4.0,272.0,141051.0,141051.0,272.0,0.0,0.0,4.0,274.0,142174.0,142174.0,274.0,0.0,0.0,4.0,274.0,142285.0,142285.0,274.0,0.0
612275.0,55422.0,92.0,14.0,80141.0,92.0,16.0,126941.0,92.0,18.0,161385.0,92.0,19.0,165499.0,92.0,19.0,55422.0,92.0,14.0,14.0,130.0,0.0,0.0,80141.0,92.0,16.0,16.0,130.0,0.0,0.0,126941.0,92.0,18.0,18.0,130.0,0.0,0.0,161385.0,92.0,19.0,19.0,130.0,0.0,0.0,165499.0,92.0,19.0,19.0,130.0,0.0,0.0,55406.0,0.0,0.0,80120.0,0.0,0.0,126911.0,0.0,0.0,161348.0,0.0,0.0,165461.0,0.0,0.0,55406.0,91.0,3.0,5.0,130.0,0.0,0.0,80120.0,91.0,3.0,5.0,130.0,0.0,0.0,126911.0,91.0,3.0,5.0,130.0,0.0,0.0,161348.0,91.0,3.0,5.0,130.0,0.0,0.0,165461.0,91.0,3.0,5.0,130.0,0.0
1071119.0,3218.0,73.0,13549.0,4065.0,74.0,17075.0,5811.0,74.0,22518.0,7323.0,74.0,25632.0,7518.0,74.0,25959.0,3218.0,73.0,13549.0,13549.0,73.0,0.0,0.0,4065.0,74.0,17075.0,17075.0,74.0,0.0,0.0,5811.0,74.0,22518.0,22518.0,74.0,0.0,0.0,7323.0,74.0,25632.0,25632.0,74.0,0.0,0.0,7518.0,74.0,25959.0,25959.0,74.0,0.0,0.0,659.0,0.0,0.0,876.0,0.0,0.0,1400.0,0.0,0.0,1858.0,0.0,0.0,1916.0,0.0,0.0,636.0,73.0,22300.0,22300.0,73.0,0.0,0.0,804.0,75.0,29281.0,29281.0,75.0,0.0,0.0,1177.0,77.0,41366.0,41366.0,77.0,0.0,0.0,1484.0,78.0,48943.0,48943.0,78.0,0.0,0.0,1522.0,78.0,49775.0,49775.0,78.0,0.0
1435081.0,56815.0,92.0,3.0,92914.0,92.0,3.0,207206.0,92.0,3.0,347251.0,92.0,3.0,367899.0,92.0,3.0,56815.0,92.0,3.0,10.0,130.0,0.0,0.0,92914.0,92.0,3.0,11.0,130.0,0.0,0.0,207206.0,92.0,3.0,13.0,130.0,0.0,0.0,347251.0,92.0,3.0,14.0,130.0,0.0,0.0,367899.0,92.0,3.0,14.0,130.0,0.0,0.0,56815.0,0.0,0.0,92914.0,0.0,0.0,207206.0,0.0,0.0,347251.0,0.0,0.0,367899.0,0.0,0.0,56815.0,92.0,3.0,5.0,130.0,0.0,0.0,92914.0,92.0,3.0,5.0,130.0,0.0,0.0,207206.0,92.0,3.0,5.0,130.0,0.0,0.0,347251.0,92.0,3.0,5.0,130.0,0.0,0.0,367899.0,92.0,3.0,5.0,130.0,0.0
1236918.0,56698.0,91.0,3.0,91736.0,91.0,3.0,193008.0,91.0,3.0,304488.0,91.0,3.0,320168.0,91.0,3.0,56698.0,91.0,3.0,12.0,130.0,0.0,0.0,91736.0,91.0,3.0,12.0,130.0,0.0,0.0,193008.0,91.0,3.0,13.0,130.0,0.0,0.0,304488.0,91.0,3.0,15.0,130.0,0.0,0.0,320168.0,91.0,3.0,15.0,130.0,0.0,0.0,56698.0,0.0,0.0,91736.0,0.0,0.0,193008.0,0.0,0.0,304488.0,0.0,0.0,320168.0,0.0,0.0,56698.0,91.0,3.0,5.0,130.0,0.0,0.0,91736.0,91.0,3.0,5.0,130.0,0.0,0.0,193008.0,91.0,3.0,5.0,130.0,0.0,0.0,304488.0,91.0,3.0,5.0,130.0,0.0,0.0,320168.0,91.0,3.0,5.0,130.0,0.0
1984824.0,58357.0,92.0,8.0,97126.0,92.0,9.0,245671.0,92.0,11.0,487021.0,92.0,12.0,527693.0,92.0,12.0,58357.0,92.0,8.0,9.0,130.0,0.0,0.0,97126.0,92.0,9.0,10.0,130.0,0.0,0.0,245671.0,92.0,11.0,11.0,130.0,0.0,0.0,487021.0,92.0,12.0,13.0,130.0,0.0,0.0,527693.0,92.0,12.0,13.0,130.0,0.0,0.0,58351.0,0.0,0.0,97115.0,0.0,0.0,245635.0,0.0,0.0,486944.0,0.0,0.0,527608.0,0.0,0.0,58351.0,92.0,3.0,5.0,130.0,0.0,0.0,97115.0,92.0,3.0,5.0,130.0,0.0,0.0,245635.0,92.0,4.0,5.0,130.0,0.0,0.0,486944.0,91.0,3.0,5.0,130.0,0.0,0.0,527608.0,91.0,4.0,5.0,130.0,0.0
1964403.0,53286.0,92.0,3.0,90017.0,92.0,3.0,231966.0,92.0,3.0,461724.0,92.0,3.0,500302.0,92.0,3.0,53286.0,92.0,3.0,9.0,130.0,0.0,0.0,90017.0,92.0,3.0,10.0,130.0,0.0,0.0,231966.0,92.0,3.0,11.0,130.0,0.0,0.0,461724.0,92.0,3.0,13.0,130.0,0.0,0.0,500302.0,92.0,3.0,13.0,130.0,0.0,0.0,53286.0,0.0,0.0,90017.0,0.0,0.0,231966.0,0.0,0.0,461724.0,0.0,0.0,500302.0,0.0,0.0,53286.0,92.0,3.0,5.0,130.0,0.0,0.0,90017.0,92.0,3.0,5.0,130.0,0.0,0.0,231966.0,92.0,3.0,5.0,130.0,0.0,0.0,461724.0,92.0,3.0,5.0,130.0,0.0,0.0,500302.0,92.0,3.0,5.0,130.0,0.0
1811528.0,53307.0,92.0,3.0,90369.0,92.0,3.0,226059.0,92.0,3.0,428943.0,92.0,3.0,461748.0,92.0,3.0,53307.0,92.0,3.0,10.0,130.0,0.0,0.0,90369.0,92.0,3.0,11.0,130.0,0.0,0.0,226059.0,92.0,3.0,12.0,130.0,0.0,0.0,428943.0,92.0,3.0,13.0,130.0,0.0,0.0,461748.0,92.0,3.0,14.0,130.0,0.0,0.0,53307.0,0.0,0.0,90369.0,0.0,0.0,226059.0,0.0,0.0,428943.0,0.0,0.0,461748.0,0.0,0.0,53307.0,92.0,3.0,5.0,130.0,0.0,0.0,90369.0,92.0,3.0,5.0,130.0,0.0,0.0,226059.0,92.0,3.0,5.0,130.0,0.0,0.0,428943.0,92.0,3.0,5.0,130.0,0.0,0.0,461748.0,92.0,3.0,5.0,130.0,0.0
1037013.0,28.0,786.0,1326035.0,47.0,662.0,1001980.0,137.0,554.0,701355.0,360.0,518.0,637236.0,407.0,515.0,634465.0,28.0,786.0,1326035.0,1326676.0,797.0,-16570.0,0.0,47.0,662.0,1001980.0,1004579.0,681.0,-15744.0,0.0,137.0,554.0,701355.0,709108.0,585.0,-12710.0,0.0,360.0,518.0,637236.0,645552.0,550.0,-11781.0,0.0,407.0,515.0,634465.0,642691.0,547.0,-11732.0,0.0,28.0,0.0,0.0,47.0,0.0,0.0,137.0,0.0,0.0,360.0,0.0,0.0,407.0,0.0,0.0,21.0,502.0,165373.0,165391.0,516.0,-7457.0,0.0,35.0,477.0,134949.0,134985.0,494.0,-6544.0,0.0,99.0,457.0,99979.0,100038.0,477.0,-3836.0,0.0,257.0,436.0,76037.0,76114.0,457.0,-2189.0,0.0,290.0,433.0,73380.0,73459.0,455.0,-2033.0
1585900.0,17516.0,92.0,3.0,28712.0,91.0,3.0,66275.0,91.0,3.0,116145.0,91.0,3.0,123775.0,91.0,3.0,17516.0,92.0,3.0,5.0,130.0,0.0,0.0,28712.0,91.0,3.0,5.0,130.0,0.0,0.0,66275.0,91.0,3.0,5.0,130.0,0.0,0.0,116145.0,91.0,3.0,5.0,130.0,0.0,0.0,123775.0,91.0,3.0,5.0,130.0,0.0,0.0,17516.0,0.0,0.0,28712.0,0.0,0.0,66275.0,0.0,0.0,116145.0,0.0,0.0,123775.0,0.0,0.0,17516.0,92.0,3.0,5.0,130.0,0.0,0.0,28712.0,91.0,3.0,5.0,130.0,0.0,0.0,66275.0,91.0,3.0,5.0,130.0,0.0,0.0,116145.0,91.0,3.0,5.0,130.0,0.0,0.0,123775.0,91.0,3.0,5.0,130.0,0.0
1795048.0,58899.0,92.0,8.0,97448.0,92.0,9.0,236894.0,92.0,11.0,443073.0,92.0,13.0,476257.0,92.0,13.0,58899.0,92.0,8.0,9.0,130.0,0.0,0.0,97448.0,92.0,9.0,10.0,130.0,0.0,0.0,236894.0,92.0,11.0,12.0,130.0,0.0,0.0,443073.0,92.0,13.0,13.0,130.0,0.0,0.0,476257.0,92.0,13.0,13.0,130.0,0.0,0.0,58892.0,0.0,0.0,97436.0,0.0,0.0,236858.0,0.0,0.0,443000.0,0.0,0.0,476178.0,0.0,0.0,58892.0,92.0,3.0,5.0,130.0,0.0,0.0,97436.0,92.0,3.0,5.0,130.0,0.0,0.0,236858.0,92.0,4.0,5.0,130.0,0.0,0.0,443000.0,91.0,3.0,5.0,130.0,0.0,0.0,476178.0,91.0,4.0,5.0,130.0,0.0
1168850.0,59024.0,92.0,10.0,94598.0,92.0,11.0,193595.0,92.0,13.0,298372.0,92.0,14.0,312867.0,92.0,14.0,59024.0,92.0,10.0,10.0,130.0,0.0,0.0,94598.0,92.0,11.0,11.0,130.0,0.0,0.0,193595.0,92.0,13.0,13.0,130.0,0.0,0.0,298372.0,92.0,14.0,15.0,130.0,0.0,0.0,312867.0,92.0,14.0,15.0,130.0,0.0,0.0,59015.0,0.0,0.0,94583.0,0.0,0.0,193563.0,0.0,0.0,298320.0,0.0,0.0,312812.0,0.0,0.0,59015.0,91.0,3.0,5.0,130.0,0.0,0.0,94583.0,91.0,3.0,5.0,130.0,0.0,0.0,193563.0,91.0,3.0,5.0,130.0,0.0,0.0,298320.0,91.0,3.0,5.0,130.0,0.0,0.0,312812.0,91.0,3.0,5.0,130.0,0.0
1564515.0,6.0,433.0,269088.0,10.0,520.0,387335.0,28.0,559.0,382991.0,80.0,563.0,294331.0,93.0,567.0,286440.0,6.0,433.0,269088.0,269088.0,433.0,0.0,0.0,10.0,520.0,387335.0,387335.0,520.0,0.0,0.0,28.0,559.0,382991.0,382991.0,559.0,0.0,0.0,80.0,563.0,294331.0,294331.0,563.0,0.0,0.0,93.0,567.0,286440.0,286440.0,567.0,0.0,0.0,1.0,2.0,0.0,1.0,1.0,0.0,1.0,1.0,0.0,4.0,0.0,0.0,4.0,0.0,0.0,1.0,255.0,21.0,21.0,255.0,0.0,0.0,1.0,253.0,483.0,483.0,253.0,0.0,0.0,1.0,215.0,5330.0,5330.0,215.0,0.0,0.0,4.0,189.0,6999.0,6999.0,189.0,0.0,0.0,4.0,188.0,7028.0,7028.0,188.0,0.0
1545745.0,2245.0,92.0,5.0,3773.0,92.0,5.0,10745.0,92.0,4.0,30619.0,92.0,4.0,35254.0,92.0,4.0,2245.0,92.0,5.0,6.0,130.0,0.0,0.0,3773.0,92.0,5.0,6.0,130.0,0.0,0.0,10745.0,92.0,4.0,6.0,130.0,0.0,0.0,30619.0,92.0,4.0,6.0,130.0,0.0,0.0,35254.0,92.0,4.0,6.0,130.0,0.0,0.0,2243.0,0.0,0.0,3769.0,0.0,0.0,10737.0,0.0,0.0,30597.0,0.0,0.0,35228.0,0.0,0.0,2243.0,92.0,3.0,5.0,130.0,0.0,0.0,3769.0,92.0,3.0,5.0,130.0,0.0,0.0,10737.0,92.0,3.0,5.0,130.0,0.0,0.0,30597.0,92.0,3.0,5.0,130.0,0.0,0.0,35228.0,92.0,3.0,5.0,130.0,0.0
1806762.0,58312.0,92.0,9.0,96880.0,92.0,10.0,236981.0,92.0,11.0,445471.0,92.0,13.0,479131.0,92.0,13.0,58312.0,92.0,9.0,10.0,130.0,0.0,0.0,96880.0,92.0,10.0,11.0,130.0,0.0,0.0,236981.0,92.0,11.0,12.0,130.0,0.0,0.0,445471.0,92.0,13.0,13.0,130.0,0.0,0.0,479131.0,92.0,13.0,14.0,130.0,0.0,0.0,58304.0,0.0,0.0,96866.0,0.0,0.0,236943.0,0.0,0.0,445396.0,0.0,0.0,479050.0,0.0,0.0,58304.0,92.0,3.0,5.0,130.0,0.0,0.0,96866.0,92.0,3.0,5.0,130.0,0.0,0.0,236943.0,92.0,3.0,5.0,130.0,0.0,0.0,445396.0,91.0,3.0,5.0,130.0,0.0,0.0,479050.0,91.0,4.0,5.0,130.0,0.0
921550.0,11.0,251.0,94952.0,20.0,217.0,80764.0,65.0,174.0,59717.0,182.0,159.0,52358.0,207.0,158.0,51852.0,11.0,251.0,94952.0,94952.0,251.0,0.0,0.0,20.0,217.0,80764.0,80764.0,217.0,0.0,0.0,65.0,174.0,59717.0,59717.0,174.0,0.0,0.0,182.0,159.0,52358.0,52358.0,159.0,0.0,0.0,207.0,158.0,51852.0,51852.0,158.0,0.0,0.0,11.0,0.0,0.0,20.0,0.0,0.0,63.0,0.0,0.0,171.0,0.0,0.0,194.0,0.0,0.0,11.0,251.0,94963.0,94963.0,251.0,0.0,0.0,20.0,218.0,81002.0,81002.0,218.0,0.0,0.0,60.0,178.0,61326.0,61326.0,178.0,0.0,0.0,149.0,161.0,52312.0,52312.0,161.0,0.0,0.0,167.0,160.0,51358.0,51358.0,160.0,0.0
1687204.0,2302.0,92.0,4.0,3836.0,92.0,4.0,10896.0,92.0,4.0,31759.0,92.0,4.0,36747.0,92.0,4.0,2302.0,92.0,4.0,6.0,130.0,0.0,0.0,3836.0,92.0,4.0,6.0,130.0,0.0,0.0,10896.0,92.0,4.0,6.0,130.0,0.0,0.0,31759.0,92.0,4.0,6.0,130.0,0.0,0.0,36747.0,92.0,4.0,6.0,130.0,0.0,0.0,2301.0,0.0,0.0,3833.0,0.0,0.0,10888.0,0.0,0.0,31736.0,0.0,0.0,36720.0,0.0,0.0,2301.0,92.0,3.0,5.0,130.0,0.0,0.0,3833.0,92.0,3.0,5.0,130.0,0.0,0.0,10888.0,92.0,3.0,5.0,130.0,0.0,0.0,31736.0,92.0,3.0,5.0,130.0,0.0,0.0,36720.0,92.0,3.0,5.0,130.0,0.0
1159325.0,254.0,2614.0,360038.0,427.0,2612.0,361834.0,1229.0,2597.0,372964.0,3312.0,2589.0,379066.0,3766.0,2588.0,379486.0,254.0,2614.0,360038.0,18769548.0,4923.0,-139414.0,0.0,427.0,2612.0,361834.0,19030632.0,4998.0,-136779.0,0.0,1229.0,2597.0,372964.0,19436713.0,5066.0,-84350.0,0.0,3312.0,2589.0,379066.0,19370195.0,4981.0,-28374.0,0.0,3766.0,2588.0,379486.0,19342072.0,4965.0,-22987.0,0.0,254.0,0.0,0.0,427.0,0.0,0.0,1229.0,0.0,0.0,3312.0,0.0,0.0,3766.0,0.0,0.0,254.0,2614.0,360038.0,360038.0,2616.0,0.0,0.0,427.0,2612.0,361834.0,361834.0,2614.0,0.0,0.0,1229.0,2597.0,372964.0,372964.0,2599.0,0.0,0.0,3312.0,2589.0,379066.0,379066.0,2590.0,0.0,0.0,3766.0,2588.0,379486.0,379486.0,2590.0,0.0
1150864.0,6195.0,60.0,0.0,10401.0,60.0,0.0,29636.0,60.0,0.0,78952.0,60.0,0.0,89651.0,60.0,0.0,6251.0,60.0,0.0,0.0,60.0,0.0,0.0,10493.0,60.0,0.0,0.0,60.0,0.0,0.0,29883.0,60.0,0.0,0.0,60.0,0.0,0.0,79589.0,60.0,0.0,0.0,60.0,0.0,0.0,90374.0,60.0,0.0,0.0,60.0,0.0,0.0,1.0,0.0,0.0,1.0,0.0,0.0,1.0,0.0,0.0,1.0,0.0,0.0,1.0,0.0,0.0,6251.0,60.0,0.0,0.0,60.0,0.0,0.0,10493.0,60.0,0.0,0.0,60.0,0.0,0.0,29882.0,59.0,0.0,0.0,59.0,0.0,0.0,79589.0,59.0,0.0,0.0,59.0,0.0,0.0,90373.0,60.0,0.0,0.0,60.0,0.0
1678576.0,84.0,2966.0,2542826.0,102.0,3028.0,2853380.0,192.0,3285.0,4168238.0,442.0,3483.0,5575324.0,500.0,3505.0,5773316.0,84.0,2966.0,2542826.0,2542826.0,2966.0,0.0,0.0,102.0,3028.0,2853380.0,2853380.0,3028.0,0.0,0.0,192.0,3285.0,4168238.0,4168238.0,3285.0,0.0,0.0,442.0,3483.0,5575324.0,5575324.0,3483.0,0.0,0.0,500.0,3505.0,5773316.0,5773316.0,3505.0,0.0,0.0,76.0,0.0,0.0,83.0,0.0,0.0,92.0,0.0,0.0,96.0,0.0,0.0,96.0,0.0,0.0,84.0,2966.0,2542826.0,2542826.0,2966.0,0.0,0.0,102.0,3028.0,2853380.0,2853380.0,3028.0,0.0,0.0,192.0,3285.0,4168238.0,4168238.0,3285.0,0.0,0.0,442.0,3483.0,5575324.0,5575324.0,3483.0,0.0,0.0,500.0,3505.0,5773316.0,5773316.0,3505.0,0.0
740099.0,17059.0,91.0,3.0,25490.0,91.0,3.0,43200.0,91.0,3.0,57456.0,91.0,3.0,59219.0,91.0,3.0,17059.0,91.0,3.0,5.0,130.0,0.0,0.0,25490.0,91.0,3.0,5.0,130.0,0.0,0.0,43200.0,91.0,3.0,5.0,130.0,0.0,0.0,57456.0,91.0,3.0,5.0,130.0,0.0,0.0,59219.0,91.0,3.0,5.0,130.0,0.0,0.0,17059.0,0.0,0.0,25490.0,0.0,0.0,43200.0,0.0,0.0,57456.0,0.0,0.0,59219.0,0.0,0.0,17059.0,91.0,3.0,5.0,130.0,0.0,0.0,25490.0,91.0,3.0,5.0,130.0,0.0,0.0,43200.0,91.0,3.0,5.0,130.0,0.0,0.0,57456.0,91.0,3.0,5.0,130.0,0.0,0.0,59219.0,91.0,3.0,5.0,130.0,0.0
1669874.0,17740.0,91.0,4.0,29288.0,92.0,3.0,69220.0,92.0,3.0,124506.0,92.0,3.0,133132.0,92.0,3.0,17740.0,91.0,3.0,5.0,130.0,0.0,0.0,29288.0,92.0,3.0,5.0,130.0,0.0,0.0,69220.0,92.0,3.0,5.0,130.0,0.0,0.0,124506.0,92.0,3.0,5.0,130.0,0.0,0.0,133132.0,92.0,3.0,5.0,130.0,0.0,0.0,17740.0,0.0,0.0,29288.0,0.0,0.0,69220.0,0.0,0.0,124506.0,0.0,0.0,133132.0,0.0,0.0,17740.0,91.0,3.0,5.0,130.0,0.0,0.0,29288.0,92.0,3.0,5.0,130.0,0.0,0.0,69220.0,92.0,3.0,5.0,130.0,0.0,0.0,124506.0,92.0,3.0,5.0,130.0,0.0,0.0,133132.0,92.0,3.0,5.0,130.0,0.0
1034854.0,17088.0,92.0,3.0,27078.0,92.0,3.0,52895.0,91.0,3.0,78112.0,91.0,3.0,81483.0,91.0,3.0,17088.0,92.0,3.0,5.0,130.0,0.0,0.0,27078.0,92.0,3.0,5.0,130.0,0.0,0.0,52895.0,91.0,3.0,5.0,130.0,0.0,0.0,78112.0,91.0,3.0,5.0,130.0,0.0,0.0,81483.0,91.0,3.0,5.0,130.0,0.0,0.0,17088.0,0.0,0.0,27078.0,0.0,0.0,52895.0,0.0,0.0,78112.0,0.0,0.0,81483.0,0.0,0.0,17088.0,92.0,3.0,5.0,130.0,0.0,0.0,27078.0,92.0,3.0,5.0,130.0,0.0,0.0,52895.0,91.0,3.0,5.0,130.0,0.0,0.0,78112.0,91.0,3.0,5.0,130.0,0.0,0.0,81483.0,91.0,3.0,5.0,130.0,0.0
1995084.0,78.0,985.0,325880.0,137.0,1015.0,322734.0,428.0,1083.0,691086.0,1608.0,1336.0,2096676.0,1938.0,1373.0,2285378.0,78.0,985.0,325880.0,325882.0,997.0,-1135.0,0.0,137.0,1015.0,322734.0,322742.0,1027.0,-469.0,0.0,428.0,1083.0,691086.0,691162.0,1096.0,3935.0,0.0,1608.0,1336.0,2096676.0,2096734.0,1348.0,1067.0,0.0,1938.0,1373.0,2285378.0,2285432.0,1384.0,333.0,0.0,29.0,0.0,0.0,46.0,0.0,0.0,130.0,0.0,0.0,411.0,0.0,0.0,483.0,0.0,0.0,78.0,985.0,325875.0,325878.0,997.0,-1136.0,0.0,137.0,1015.0,321045.0,321053.0,1027.0,-493.0,0.0,417.0,1023.0,325446.0,325608.0,1037.0,2347.0,0.0,1379.0,1037.0,325976.0,326352.0,1052.0,26.0,0.0,1629.0,1039.0,325539.0,325923.0,1054.0,-358.0
