frame.time_epoch,frame.len,eth.src,eth.dst,ip.src,ip.dst,tcp.srcport,tcp.dstport,udp.srcport,udp.dstport,icmp.type,icmp.code,arp.opcode,arp.src.hw_mac,arp.src.proto_ipv4,arp.dst.hw_mac,arp.dst.proto_ipv4,ipv6.src,ipv6.dst
1499450366.7081702,210,00:19:b9:0a:69:f1,00:19:b9:0a:69:f1,172.16.0.1,192.168.10.50,58734.0,80.0,,,,,,,,,,,
1499454907.8301866,149,00:c1:b1:14:eb:31,00:19:b9:0a:69:f1,172.16.0.1,192.168.10.50,80.0,80.0,,,,,,,,,,,
1499454192.7870498,108,00:c1:b1:14:eb:31,00:19:b9:0a:69:f1,172.16.0.1,172.16.0.1,80.0,80.0,,,,,,,,,,,
1499454540.013356,187,00:c1:b1:14:eb:31,00:c1:b1:14:eb:31,192.168.10.50,172.16.0.1,80.0,80.0,,,,,,,,,,,
1499455052.1372397,133,00:c1:b1:14:eb:31,00:c1:b1:14:eb:31,192.168.10.50,192.168.10.50,80.0,80.0,,,,,,,,,,,
1499450261.38613,109,00:19:b9:0a:69:f1,00:19:b9:0a:69:f1,192.168.10.50,192.168.10.50,80.0,80.0,,,,,,,,,,,
1499450117.2063615,138,00:19:b9:0a:69:f1,00:19:b9:0a:69:f1,192.168.10.50,192.168.10.50,80.0,80.0,,,,,,,,,,,
1499454167.0163226,200,00:c1:b1:14:eb:31,00:19:b9:0a:69:f1,172.16.0.1,172.16.0.1,80.0,80.0,,,,,,,,,,,
1499454359.5652409,123,00:c1:b1:14:eb:31,00:19:b9:0a:69:f1,172.16.0.1,192.168.10.50,80.0,80.0,,,,,,,,,,,
1499450233.3648217,169,00:c1:b1:14:eb:31,00:19:b9:0a:69:f1,192.168.10.50,192.168.10.50,80.0,80.0,,,,,,,,,,,
1499450199.102166,1780,00:c1:b1:14:eb:31,00:19:b9:0a:69:f1,192.168.10.50,192.168.10.50,80.0,55170.0,,,,,,,,,,,
1499454399.1073256,179,00:19:b9:0a:69:f1,00:19:b9:0a:69:f1,172.16.0.1,192.168.10.50,80.0,80.0,,,,,,,,,,,
1499454763.6948736,151,00:c1:b1:14:eb:31,00:19:b9:0a:69:f1,192.168.10.50,192.168.10.50,80.0,80.0,,,,,,,,,,,
1499453823.9014895,116,00:c1:b1:14:eb:31,00:c1:b1:14:eb:31,172.16.0.1,192.168.10.50,80.0,80.0,,,,,,,,,,,
1499454009.460801,153,00:c1:b1:14:eb:31,00:19:b9:0a:69:f1,192.168.10.50,172.16.0.1,54631.0,80.0,,,,,,,,,,,
1499455105.9294434,74,00:c1:b1:14:eb:31,00:19:b9:0a:69:f1,192.168.10.50,192.168.10.50,80.0,80.0,,,,,,,,,,,
1499454062.2361548,164,00:19:b9:0a:69:f1,00:19:b9:0a:69:f1,172.16.0.1,192.168.10.50,80.0,80.0,,,,,,,,,,,
1499454321.1745214,137,00:c1:b1:14:eb:31,00:19:b9:0a:69:f1,192.168.10.50,172.16.0.1,80.0,80.0,,,,,,,,,,,
1499454205.1530955,117,00:c1:b1:14:eb:31,00:19:b9:0a:69:f1,172.16.0.1,192.168.10.50,80.0,80.0,,,,,,,,,,,
1499454752.1113217,151,00:c1:b1:14:eb:31,00:19:b9:0a:69:f1,172.16.0.1,192.168.10.50,80.0,80.0,,,,,,,,,,,
1499454336.4469042,136,00:c1:b1:14:eb:31,00:c1:b1:14:eb:31,172.16.0.1,192.168.10.50,80.0,80.0,,,,,,,,,,,
1499454582.186255,60,00:c1:b1:14:eb:31,00:19:b9:0a:69:f1,172.16.0.1,192.168.10.50,56920.0,80.0,,,,,,,,,,,
1499454910.4984293,89,00:19:b9:0a:69:f1,00:19:b9:0a:69:f1,172.16.0.1,192.168.10.50,80.0,80.0,,,,,,,,,,,
1499454744.489619,60,00:c1:b1:14:eb:31,00:19:b9:0a:69:f1,172.16.0.1,192.168.10.50,58823.0,80.0,,,,,,,,,,,
1499450286.7719204,166,00:c1:b1:14:eb:31,00:c1:b1:14:eb:31,192.168.10.50,172.16.0.1,80.0,80.0,,,,,,,,,,,
1499449934.6373196,136,00:c1:b1:14:eb:31,00:c1:b1:14:eb:31,172.16.0.1,192.168.10.50,80.0,80.0,,,,,,,,,,,
1499454729.1423268,96,00:c1:b1:14:eb:31,00:c1:b1:14:eb:31,172.16.0.1,192.168.10.50,80.0,80.0,,,,,,,,,,,
1499454796.939247,141,00:19:b9:0a:69:f1,00:19:b9:0a:69:f1,172.16.0.1,192.168.10.50,80.0,80.0,,,,,,,,,,,
1499453894.3757446,161,00:c1:b1:14:eb:31,00:19:b9:0a:69:f1,192.168.10.50,192.168.10.50,80.0,80.0,,,,,,,,,,,
1499454042.5442057,160,00:c1:b1:14:eb:31,00:c1:b1:14:eb:31,192.168.10.50,192.168.10.50,80.0,80.0,,,,,,,,,,,
1499454829.5886524,159,00:c1:b1:14:eb:31,00:c1:b1:14:eb:31,172.16.0.1,192.168.10.50,80.0,80.0,,,,,,,,,,,
1499454335.1866226,121,00:c1:b1:14:eb:31,00:c1:b1:14:eb:31,192.168.10.50,192.168.10.50,80.0,80.0,,,,,,,,,,,
1499454590.247137,60,00:19:b9:0a:69:f1,00:c1:b1:14:eb:31,192.168.10.50,172.16.0.1,80.0,57177.0,,,,,,,,,,,
1499454055.6029873,96,00:c1:b1:14:eb:31,00:19:b9:0a:69:f1,192.168.10.50,192.168.10.50,80.0,80.0,,,,,,,,,,,
1499450147.195813,60,00:19:b9:0a:69:f1,00:c1:b1:14:eb:31,192.168.10.50,172.16.0.1,465.0,50702.0,,,,,,,,,,,
1499454760.7414,167,00:c1:b1:14:eb:31,00:19:b9:0a:69:f1,192.168.10.50,192.168.10.50,80.0,80.0,,,,,,,,,,,
1499454681.8056808,104,00:c1:b1:14:eb:31,00:19:b9:0a:69:f1,192.168.10.50,172.16.0.1,80.0,80.0,,,,,,,,,,,
1499454076.986322,60,00:19:b9:0a:69:f1,00:c1:b1:14:eb:31,192.168.10.50,172.16.0.1,80.0,59322.0,,,,,,,,,,,
1499454345.9645455,159,00:c1:b1:14:eb:31,00:c1:b1:14:eb:31,172.16.0.1,192.168.10.50,80.0,80.0,,,,,,,,,,,
1499454505.5125885,170,00:19:b9:0a:69:f1,00:c1:b1:14:eb:31,172.16.0.1,192.168.10.50,80.0,80.0,,,,,,,,,,,
1499454255.189775,102,00:c1:b1:14:eb:31,00:19:b9:0a:69:f1,172.16.0.1,192.168.10.50,80.0,80.0,,,,,,,,,,,
1499454653.794849,181,00:c1:b1:14:eb:31,00:19:b9:0a:69:f1,172.16.0.1,192.168.10.50,80.0,80.0,,,,,,,,,,,
1499455187.5484269,174,00:c1:b1:14:eb:31,00:19:b9:0a:69:f1,192.168.10.50,192.168.10.50,80.0,80.0,,,,,,,,,,,
1499454032.2398407,114,00:c1:b1:14:eb:31,00:c1:b1:14:eb:31,192.168.10.50,192.168.10.50,80.0,80.0,,,,,,,,,,,
1499454646.414879,1514,00:19:b9:0a:69:f1,00:c1:b1:14:eb:31,192.168.10.50,172.16.0.1,80.0,56188.0,,,,,,,,,,,
1499450304.5145226,158,00:c1:b1:14:eb:31,00:19:b9:0a:69:f1,192.168.10.50,192.168.10.50,80.0,80.0,,,,,,,,,,,
1499454491.5034776,146,00:19:b9:0a:69:f1,00:19:b9:0a:69:f1,192.168.10.50,192.168.10.50,80.0,80.0,,,,,,,,,,,
1499454548.1690676,189,00:c1:b1:14:eb:31,00:c1:b1:14:eb:31,192.168.10.50,172.16.0.1,80.0,80.0,,,,,,,,,,,
1499449997.4541242,116,00:c1:b1:14:eb:31,00:19:b9:0a:69:f1,192.168.10.50,172.16.0.1,80.0,80.0,,,,,,,,,,,
1499454463.8247468,130,00:c1:b1:14:eb:31,00:c1:b1:14:eb:31,172.16.0.1,192.168.10.50,80.0,80.0,,,,,,,,,,,
1499454188.8332996,194,00:c1:b1:14:eb:31,00:19:b9:0a:69:f1,172.16.0.1,192.168.10.50,80.0,80.0,,,,,,,,,,,
1499454077.6839657,95,00:c1:b1:14:eb:31,00:19:b9:0a:69:f1,172.16.0.1,172.16.0.1,80.0,80.0,,,,,,,,,,,
1499453904.6403484,141,00:c1:b1:14:eb:31,00:19:b9:0a:69:f1,172.16.0.1,192.168.10.50,80.0,80.0,,,,,,,,,,,
1499454151.1168923,177,00:c1:b1:14:eb:31,00:19:b9:0a:69:f1,192.168.10.50,192.168.10.50,80.0,80.0,,,,,,,,,,,
1499454434.2163906,134,00:c1:b1:14:eb:31,00:19:b9:0a:69:f1,192.168.10.50,172.16.0.1,80.0,80.0,,,,,,,,,,,
1499454939.7487109,108,00:19:b9:0a:69:f1,00:c1:b1:14:eb:31,172.16.0.1,192.168.10.50,80.0,80.0,,,,,,,,,,,
1499454364.039256,99,00:c1:b1:14:eb:31,00:c1:b1:14:eb:31,192.168.10.50,192.168.10.50,80.0,80.0,,,,,,,,,,,
1499454007.0159206,143,00:c1:b1:14:eb:31,00:c1:b1:14:eb:31,192.168.10.50,192.168.10.50,465.0,80.0,,,,,,,,,,,
1499454326.0331166,177,00:c1:b1:14:eb:31,00:19:b9:0a:69:f1,192.168.10.50,192.168.10.50,80.0,80.0,,,,,,,,,,,
1499454667.768859,66,00:19:b9:0a:69:f1,00:c1:b1:14:eb:31,192.168.10.50,172.16.0.1,80.0,59362.0,,,,,,,,,,,
1499450147.007387,97,00:c1:b1:14:eb:31,00:19:b9:0a:69:f1,192.168.10.50,192.168.10.50,80.0,80.0,,,,,,,,,,,
1499454555.7042525,135,00:c1:b1:14:eb:31,00:19:b9:0a:69:f1,192.168.10.50,192.168.10.50,80.0,80.0,,,,,,,,,,,
1499454128.326511,142,00:c1:b1:14:eb:31,00:19:b9:0a:69:f1,172.16.0.1,192.168.10.50,80.0,80.0,,,,,,,,,,,
1499454339.1236603,114,00:19:b9:0a:69:f1,00:19:b9:0a:69:f1,192.168.10.50,192.168.10.50,80.0,80.0,,,,,,,,,,,
1499450140.570192,97,00:c1:b1:14:eb:31,00:19:b9:0a:69:f1,192.168.10.50,192.168.10.50,80.0,80.0,,,,,,,,,,,
1499454925.98393,119,00:c1:b1:14:eb:31,00:19:b9:0a:69:f1,172.16.0.1,192.168.10.50,80.0,80.0,,,,,,,,,,,
1499454130.9072433,158,00:c1:b1:14:eb:31,00:c1:b1:14:eb:31,172.16.0.1,192.168.10.50,80.0,80.0,,,,,,,,,,,
1499454402.7677886,199,00:c1:b1:14:eb:31,00:c1:b1:14:eb:31,172.16.0.1,192.168.10.50,80.0,80.0,,,,,,,,,,,
1499450189.7850869,156,00:c1:b1:14:eb:31,00:c1:b1:14:eb:31,172.16.0.1,192.168.10.50,80.0,80.0,,,,,,,,,,,
1499454863.2512453,181,00:c1:b1:14:eb:31,00:c1:b1:14:eb:31,172.16.0.1,172.16.0.1,80.0,80.0,,,,,,,,,,,
1499454733.8206637,158,00:c1:b1:14:eb:31,00:c1:b1:14:eb:31,192.168.10.50,192.168.10.50,80.0,80.0,,,,,,,,,,,
1499454803.1823535,99,00:c1:b1:14:eb:31,00:19:b9:0a:69:f1,192.168.10.50,172.16.0.1,80.0,80.0,,,,,,,,,,,
1499454736.4552782,145,00:c1:b1:14:eb:31,00:c1:b1:14:eb:31,192.168.10.50,192.168.10.50,80.0,80.0,,,,,,,,,,,
1499454008.589494,60,00:c1:b1:14:eb:31,00:19:b9:0a:69:f1,172.16.0.1,192.168.10.50,57373.0,80.0,,,,,,,,,,,
1499454483.4914052,125,00:c1:b1:14:eb:31,00:19:b9:0a:69:f1,192.168.10.50,192.168.10.50,80.0,80.0,,,,,,,,,,,
1499454593.2722263,125,00:19:b9:0a:69:f1,00:19:b9:0a:69:f1,192.168.10.50,192.168.10.50,80.0,80.0,,,,,,,,,,,
1499453978.81011,162,00:c1:b1:14:eb:31,00:19:b9:0a:69:f1,172.16.0.1,192.168.10.50,80.0,80.0,,,,,,,,,,,
1499454855.7593017,124,00:c1:b1:14:eb:31,00:19:b9:0a:69:f1,192.168.10.50,192.168.10.50,80.0,80.0,,,,,,,,,,,
1499450134.8777351,117,00:c1:b1:14:eb:31,00:c1:b1:14:eb:31,192.168.10.50,192.168.10.50,80.0,80.0,,,,,,,,,,,
1499454289.7944195,87,00:19:b9:0a:69:f1,00:c1:b1:14:eb:31,192.168.10.50,192.168.10.50,80.0,80.0,,,,,,,,,,,
1499454634.4197395,87,00:c1:b1:14:eb:31,00:c1:b1:14:eb:31,192.168.10.50,192.168.10.50,56242.0,80.0,,,,,,,,,,,
1499454047.2296145,158,00:c1:b1:14:eb:31,00:19:b9:0a:69:f1,192.168.10.50,172.16.0.1,80.0,80.0,,,,,,,,,,,
1499453910.852553,142,00:c1:b1:14:eb:31,00:19:b9:0a:69:f1,192.168.10.50,172.16.0.1,80.0,80.0,,,,,,,,,,,
1499454351.343275,2805,00:c1:b1:14:eb:31,00:19:b9:0a:69:f1,172.16.0.1,192.168.10.50,80.0,80.0,,,,,,,,,,,
1499453958.318344,140,00:c1:b1:14:eb:31,00:19:b9:0a:69:f1,192.168.10.50,192.168.10.50,80.0,80.0,,,,,,,,,,,
1499454148.6289814,152,00:c1:b1:14:eb:31,00:19:b9:0a:69:f1,192.168.10.50,192.168.10.50,80.0,80.0,,,,,,,,,,,
1499453897.8521943,155,00:c1:b1:14:eb:31,00:c1:b1:14:eb:31,172.16.0.1,192.168.10.50,80.0,44772.0,,,,,,,,,,,
1499454056.2260292,137,00:c1:b1:14:eb:31,00:19:b9:0a:69:f1,172.16.0.1,192.168.10.50,80.0,80.0,,,,,,,,,,,
1499454831.2112975,161,00:19:b9:0a:69:f1,00:19:b9:0a:69:f1,172.16.0.1,192.168.10.50,80.0,80.0,,,,,,,,,,,
1499454518.827481,177,00:c1:b1:14:eb:31,00:c1:b1:14:eb:31,172.16.0.1,192.168.10.50,80.0,80.0,,,,,,,,,,,
1499449976.207652,185,00:19:b9:0a:69:f1,00:19:b9:0a:69:f1,172.16.0.1,172.16.0.1,80.0,80.0,,,,,,,,,,,
1499454502.717983,141,00:c1:b1:14:eb:31,00:19:b9:0a:69:f1,172.16.0.1,192.168.10.50,80.0,80.0,,,,,,,,,,,
1499453904.8007913,85,00:c1:b1:14:eb:31,00:c1:b1:14:eb:31,172.16.0.1,192.168.10.50,80.0,80.0,,,,,,,,,,,
1499453953.7919796,136,00:c1:b1:14:eb:31,00:19:b9:0a:69:f1,192.168.10.50,192.168.10.50,80.0,80.0,,,,,,,,,,,
1499454348.290197,189,00:19:b9:0a:69:f1,00:19:b9:0a:69:f1,192.168.10.50,192.168.10.50,80.0,80.0,,,,,,,,,,,
1499450108.0976658,140,00:c1:b1:14:eb:31,00:c1:b1:14:eb:31,172.16.0.1,172.16.0.1,80.0,80.0,,,,,,,,,,,
1499453999.1782053,142,00:c1:b1:14:eb:31,00:19:b9:0a:69:f1,172.16.0.1,172.16.0.1,80.0,80.0,,,,,,,,,,,
1499454098.2861714,156,00:c1:b1:14:eb:31,00:19:b9:0a:69:f1,192.168.10.50,192.168.10.50,47998.0,80.0,,,,,,,,,,,
1499454638.7051346,129,00:c1:b1:14:eb:31,00:c1:b1:14:eb:31,192.168.10.50,192.168.10.50,80.0,80.0,,,,,,,,,,,
1499453813.742256,60,00:c1:b1:14:eb:31,00:19:b9:0a:69:f1,172.16.0.1,192.168.10.50,49981.0,80.0,,,,,,,,,,,
1499449975.7836697,192,00:c1:b1:14:eb:31,00:c1:b1:14:eb:31,172.16.0.1,192.168.10.50,80.0,80.0,,,,,,,,,,,
1499455068.2144284,122,00:c1:b1:14:eb:31,00:19:b9:0a:69:f1,192.168.10.50,192.168.10.50,80.0,80.0,,,,,,,,,,,
1499454933.431721,174,00:c1:b1:14:eb:31,00:c1:b1:14:eb:31,172.16.0.1,172.16.0.1,80.0,80.0,,,,,,,,,,,
1499454461.4363627,159,00:c1:b1:14:eb:31,00:19:b9:0a:69:f1,192.168.10.50,192.168.10.50,80.0,80.0,,,,,,,,,,,
1499454997.481628,145,00:c1:b1:14:eb:31,00:19:b9:0a:69:f1,192.168.10.50,192.168.10.50,80.0,80.0,,,,,,,,,,,
1499454682.2007942,83,00:c1:b1:14:eb:31,00:19:b9:0a:69:f1,192.168.10.50,192.168.10.50,80.0,80.0,,,,,,,,,,,
1499450190.6750648,143,00:c1:b1:14:eb:31,00:19:b9:0a:69:f1,192.168.10.50,192.168.10.50,80.0,80.0,,,,,,,,,,,
1499454747.4544828,132,00:c1:b1:14:eb:31,00:19:b9:0a:69:f1,192.168.10.50,192.168.10.50,80.0,80.0,,,,,,,,,,,
1499454166.714044,165,00:c1:b1:14:eb:31,00:19:b9:0a:69:f1,172.16.0.1,172.16.0.1,80.0,80.0,,,,,,,,,,,
1499454030.5022044,124,00:19:b9:0a:69:f1,00:c1:b1:14:eb:31,192.168.10.50,192.168.10.50,80.0,80.0,,,,,,,,,,,
1499454897.533814,107,00:19:b9:0a:69:f1,00:c1:b1:14:eb:31,192.168.10.50,192.168.10.50,80.0,80.0,,,,,,,,,,,
1499453993.3364866,166,00:c1:b1:14:eb:31,00:19:b9:0a:69:f1,192.168.10.50,192.168.10.50,80.0,80.0,,,,,,,,,,,
1499450031.875758,62,00:c1:b1:14:eb:31,00:c1:b1:14:eb:31,192.168.10.50,172.16.0.1,80.0,80.0,,,,,,,,,,,
1499454932.9763691,122,00:c1:b1:14:eb:31,00:c1:b1:14:eb:31,172.16.0.1,192.168.10.50,80.0,80.0,,,,,,,,,,,
1499454172.3891933,123,00:19:b9:0a:69:f1,00:c1:b1:14:eb:31,192.168.10.50,192.168.10.50,80.0,80.0,,,,,,,,,,,
1499453878.122404,162,00:c1:b1:14:eb:31,00:c1:b1:14:eb:31,192.168.10.50,192.168.10.50,80.0,80.0,,,,,,,,,,,
1499454119.366263,178,00:19:b9:0a:69:f1,00:19:b9:0a:69:f1,192.168.10.50,192.168.10.50,80.0,80.0,,,,,,,,,,,
1499449891.965333,156,00:c1:b1:14:eb:31,00:c1:b1:14:eb:31,192.168.10.50,192.168.10.50,80.0,80.0,,,,,,,,,,,
1499454431.7880015,134,00:c1:b1:14:eb:31,00:19:b9:0a:69:f1,192.168.10.50,192.168.10.50,80.0,80.0,,,,,,,,,,,
1499453914.3785667,156,00:19:b9:0a:69:f1,00:19:b9:0a:69:f1,172.16.0.1,192.168.10.50,80.0,80.0,,,,,,,,,,,
1499454372.335042,128,00:c1:b1:14:eb:31,00:c1:b1:14:eb:31,172.16.0.1,192.168.10.50,80.0,80.0,,,,,,,,,,,
1499454478.8239298,102,00:c1:b1:14:eb:31,00:19:b9:0a:69:f1,192.168.10.50,192.168.10.50,80.0,80.0,,,,,,,,,,,
1499454082.091487,190,00:c1:b1:14:eb:31,00:19:b9:0a:69:f1,192.168.10.50,192.168.10.50,80.0,80.0,,,,,,,,,,,
1499453946.7328146,197,00:19:b9:0a:69:f1,00:19:b9:0a:69:f1,172.16.0.1,192.168.10.50,80.0,80.0,,,,,,,,,,,
1499454662.8165,4434,00:19:b9:0a:69:f1,00:c1:b1:14:eb:31,192.168.10.50,172.16.0.1,80.0,59223.0,,,,,,,,,,,
1499449943.878498,60,00:c1:b1:14:eb:31,00:19:b9:0a:69:f1,172.16.0.1,192.168.10.50,60768.0,5811.0,,,,,,,,,,,
1499454496.6471057,174,00:c1:b1:14:eb:31,00:19:b9:0a:69:f1,192.168.10.50,192.168.10.50,80.0,80.0,,,,,,,,,,,
1499454603.929155,74,00:c1:b1:14:eb:31,00:19:b9:0a:69:f1,192.168.10.50,192.168.10.50,80.0,80.0,,,,,,,,,,,
1499455079.6076677,123,00:c1:b1:14:eb:31,00:19:b9:0a:69:f1,192.168.10.50,192.168.10.50,80.0,80.0,,,,,,,,,,,
1499454762.4429486,144,00:c1:b1:14:eb:31,00:c1:b1:14:eb:31,172.16.0.1,192.168.10.50,56242.0,57177.0,,,,,,,,,,,
1499454067.493572,86,00:c1:b1:14:eb:31,00:c1:b1:14:eb:31,192.168.10.50,172.16.0.1,80.0,80.0,,,,,,,,,,,
1499454577.442208,143,00:c1:b1:14:eb:31,00:c1:b1:14:eb:31,192.168.10.50,172.16.0.1,80.0,80.0,,,,,,,,,,,
1499454535.9290376,141,00:c1:b1:14:eb:31,00:c1:b1:14:eb:31,172.16.0.1,192.168.10.50,54631.0,80.0,,,,,,,,,,,
1499454694.1839385,144,00:19:b9:0a:69:f1,00:19:b9:0a:69:f1,192.168.10.50,172.16.0.1,80.0,80.0,,,,,,,,,,,
1499454703.488918,154,00:c1:b1:14:eb:31,00:19:b9:0a:69:f1,172.16.0.1,192.168.10.50,80.0,80.0,,,,,,,,,,,
1499454332.0064075,134,00:c1:b1:14:eb:31,00:c1:b1:14:eb:31,192.168.10.50,192.168.10.50,80.0,80.0,,,,,,,,,,,
1499454113.4898996,129,00:19:b9:0a:69:f1,00:19:b9:0a:69:f1,192.168.10.50,192.168.10.50,80.0,80.0,,,,,,,,,,,
1499453916.528712,146,00:19:b9:0a:69:f1,00:19:b9:0a:69:f1,192.168.10.50,192.168.10.50,80.0,80.0,,,,,,,,,,,
1499454609.3990157,88,00:19:b9:0a:69:f1,00:19:b9:0a:69:f1,172.16.0.1,172.16.0.1,80.0,80.0,,,,,,,,,,,
1499454408.7802193,82,00:c1:b1:14:eb:31,00:c1:b1:14:eb:31,192.168.10.50,192.168.10.50,80.0,80.0,,,,,,,,,,,
1499453948.2010446,143,00:19:b9:0a:69:f1,00:19:b9:0a:69:f1,192.168.10.50,192.168.10.50,80.0,80.0,,,,,,,,,,,
1499454406.875023,60,00:c1:b1:14:eb:31,00:19:b9:0a:69:f1,172.16.0.1,192.168.10.50,49800.0,80.0,,,,,,,,,,,
1499454279.8195117,3660,00:c1:b1:14:eb:31,00:c1:b1:14:eb:31,192.168.10.50,192.168.10.50,80.0,80.0,,,,,,,,,,,
1499454053.3778074,164,00:c1:b1:14:eb:31,00:19:b9:0a:69:f1,192.168.10.50,192.168.10.50,80.0,80.0,,,,,,,,,,,
1499454755.3807087,137,00:c1:b1:14:eb:31,00:19:b9:0a:69:f1,172.16.0.1,192.168.10.50,56242.0,80.0,,,,,,,,,,,
1499454549.361097,151,00:c1:b1:14:eb:31,00:19:b9:0a:69:f1,192.168.10.50,192.168.10.50,55226.0,54040.0,,,,,,,,,,,
1499454210.737013,191,00:c1:b1:14:eb:31,00:c1:b1:14:eb:31,192.168.10.50,192.168.10.50,80.0,80.0,,,,,,,,,,,
1499454101.4882214,80,00:c1:b1:14:eb:31,00:19:b9:0a:69:f1,192.168.10.50,192.168.10.50,80.0,80.0,,,,,,,,,,,
1499454900.6656268,152,00:c1:b1:14:eb:31,00:c1:b1:14:eb:31,192.168.10.50,192.168.10.50,80.0,80.0,,,,,,,,,,,
1499449963.6548977,134,00:c1:b1:14:eb:31,00:19:b9:0a:69:f1,172.16.0.1,192.168.10.50,80.0,80.0,,,,,,,,,,,
1499454939.2787457,139,00:c1:b1:14:eb:31,00:19:b9:0a:69:f1,192.168.10.50,172.16.0.1,80.0,80.0,,,,,,,,,,,
1499454228.501501,172,00:c1:b1:14:eb:31,00:c1:b1:14:eb:31,172.16.0.1,192.168.10.50,80.0,80.0,,,,,,,,,,,
1499454003.7056935,116,00:c1:b1:14:eb:31,00:19:b9:0a:69:f1,192.168.10.50,192.168.10.50,80.0,80.0,,,,,,,,,,,
1499454996.967823,100,00:c1:b1:14:eb:31,00:19:b9:0a:69:f1,172.16.0.1,192.168.10.50,80.0,80.0,,,,,,,,,,,
1499450185.6187837,139,00:c1:b1:14:eb:31,00:c1:b1:14:eb:31,192.168.10.50,172.16.0.1,80.0,80.0,,,,,,,,,,,
1499453982.547223,60,00:c1:b1:14:eb:31,00:19:b9:0a:69:f1,172.16.0.1,192.168.10.50,54631.0,80.0,,,,,,,,,,,
1499454624.2132149,145,00:19:b9:0a:69:f1,00:19:b9:0a:69:f1,192.168.10.50,172.16.0.1,80.0,80.0,,,,,,,,,,,
1499454897.631535,154,00:c1:b1:14:eb:31,00:19:b9:0a:69:f1,172.16.0.1,192.168.10.50,80.0,80.0,,,,,,,,,,,
1499454927.7757845,193,00:c1:b1:14:eb:31,00:19:b9:0a:69:f1,172.16.0.1,192.168.10.50,80.0,80.0,,,,,,,,,,,
1499454218.6880045,150,00:19:b9:0a:69:f1,00:c1:b1:14:eb:31,192.168.10.50,172.16.0.1,80.0,80.0,,,,,,,,,,,
1499453984.8918295,148,00:c1:b1:14:eb:31,00:19:b9:0a:69:f1,192.168.10.50,192.168.10.50,80.0,80.0,,,,,,,,,,,
1499454595.8279712,194,00:c1:b1:14:eb:31,00:19:b9:0a:69:f1,172.16.0.1,192.168.10.50,80.0,80.0,,,,,,,,,,,
1499454334.09519,142,00:c1:b1:14:eb:31,00:19:b9:0a:69:f1,192.168.10.50,192.168.10.50,80.0,80.0,,,,,,,,,,,
1499454804.8177888,163,00:c1:b1:14:eb:31,00:19:b9:0a:69:f1,172.16.0.1,192.168.10.50,80.0,80.0,,,,,,,,,,,
1499450185.2357862,174,00:c1:b1:14:eb:31,00:19:b9:0a:69:f1,192.168.10.50,192.168.10.50,80.0,80.0,,,,,,,,,,,
1499453917.121661,99,00:c1:b1:14:eb:31,00:19:b9:0a:69:f1,192.168.10.50,172.16.0.1,80.0,80.0,,,,,,,,,,,
1499454016.5146043,154,00:c1:b1:14:eb:31,00:c1:b1:14:eb:31,192.168.10.50,192.168.10.50,80.0,80.0,,,,,,,,,,,
1499454017.5102682,99,00:c1:b1:14:eb:31,00:19:b9:0a:69:f1,192.168.10.50,192.168.10.50,80.0,80.0,,,,,,,,,,,
1499454252.5961442,151,00:c1:b1:14:eb:31,00:19:b9:0a:69:f1,192.168.10.50,192.168.10.50,80.0,80.0,,,,,,,,,,,
1499455099.61063,125,00:c1:b1:14:eb:31,00:19:b9:0a:69:f1,192.168.10.50,192.168.10.50,80.0,80.0,,,,,,,,,,,
1499454274.332319,132,00:c1:b1:14:eb:31,00:19:b9:0a:69:f1,172.16.0.1,192.168.10.50,80.0,80.0,,,,,,,,,,,
1499454938.7510624,117,00:c1:b1:14:eb:31,00:19:b9:0a:69:f1,192.168.10.50,192.168.10.50,80.0,80.0,,,,,,,,,,,
1499454300.698799,156,00:19:b9:0a:69:f1,00:19:b9:0a:69:f1,172.16.0.1,192.168.10.50,80.0,80.0,,,,,,,,,,,
1499454913.277292,112,00:c1:b1:14:eb:31,00:19:b9:0a:69:f1,172.16.0.1,192.168.10.50,80.0,80.0,,,,,,,,,,,
1499454153.5240858,123,00:c1:b1:14:eb:31,00:c1:b1:14:eb:31,192.168.10.50,172.16.0.1,80.0,80.0,,,,,,,,,,,
1499454422.8979514,111,00:c1:b1:14:eb:31,00:19:b9:0a:69:f1,192.168.10.50,192.168.10.50,80.0,80.0,,,,,,,,,,,
1499454919.0962603,111,00:c1:b1:14:eb:31,00:c1:b1:14:eb:31,172.16.0.1,192.168.10.50,80.0,57177.0,,,,,,,,,,,
1499454321.3231175,173,00:19:b9:0a:69:f1,00:19:b9:0a:69:f1,172.16.0.1,192.168.10.50,55756.0,80.0,,,,,,,,,,,
1499454676.4959726,143,00:c1:b1:14:eb:31,00:c1:b1:14:eb:31,192.168.10.50,192.168.10.50,80.0,80.0,,,,,,,,,,,
1499454587.630301,167,00:c1:b1:14:eb:31,00:19:b9:0a:69:f1,172.16.0.1,192.168.10.50,80.0,80.0,,,,,,,,,,,
1499454138.0882378,173,00:19:b9:0a:69:f1,00:19:b9:0a:69:f1,172.16.0.1,192.168.10.50,60768.0,80.0,,,,,,,,,,,
1499454565.422741,87,00:c1:b1:14:eb:31,00:19:b9:0a:69:f1,192.168.10.50,172.16.0.1,80.0,80.0,,,,,,,,,,,
1499454150.526137,170,00:c1:b1:14:eb:31,00:c1:b1:14:eb:31,172.16.0.1,192.168.10.50,80.0,80.0,,,,,,,,,,,
1499454877.6757052,77,00:19:b9:0a:69:f1,00:c1:b1:14:eb:31,172.16.0.1,172.16.0.1,80.0,80.0,,,,,,,,,,,
1499454352.7751584,142,00:c1:b1:14:eb:31,00:19:b9:0a:69:f1,192.168.10.50,192.168.10.50,80.0,80.0,,,,,,,,,,,
1499454754.111599,128,00:c1:b1:14:eb:31,00:19:b9:0a:69:f1,192.168.10.50,192.168.10.50,80.0,80.0,,,,,,,,,,,
1499454974.929615,117,00:19:b9:0a:69:f1,00:c1:b1:14:eb:31,172.16.0.1,172.16.0.1,80.0,80.0,,,,,,,,,,,
1499454039.1040587,157,00:19:b9:0a:69:f1,00:19:b9:0a:69:f1,192.168.10.50,172.16.0.1,80.0,80.0,,,,,,,,,,,
1499453986.0838003,131,00:c1:b1:14:eb:31,00:19:b9:0a:69:f1,192.168.10.50,192.168.10.50,80.0,80.0,,,,,,,,,,,
1499454945.2161171,82,00:c1:b1:14:eb:31,00:19:b9:0a:69:f1,192.168.10.50,192.168.10.50,80.0,80.0,,,,,,,,,,,
1499454563.6191375,114,00:c1:b1:14:eb:31,00:c1:b1:14:eb:31,172.16.0.1,192.168.10.50,80.0,80.0,,,,,,,,,,,
1499454419.148032,161,00:c1:b1:14:eb:31,00:19:b9:0a:69:f1,172.16.0.1,192.168.10.50,80.0,80.0,,,,,,,,,,,
1499454519.039543,190,00:c1:b1:14:eb:31,00:19:b9:0a:69:f1,192.168.10.50,192.168.10.50,80.0,80.0,,,,,,,,,,,
1499451647.791574,119,00:c1:b1:14:eb:31,00:19:b9:0a:69:f1,192.168.10.50,192.168.10.50,80.0,80.0,,,,,,,,,,,
1499454829.843024,124,00:c1:b1:14:eb:31,00:19:b9:0a:69:f1,192.168.10.50,192.168.10.50,80.0,80.0,,,,,,,,,,,
1499455225.6009076,101,00:19:b9:0a:69:f1,00:c1:b1:14:eb:31,172.16.0.1,172.16.0.1,80.0,80.0,,,,,,,,,,,
1499454094.9001594,187,00:c1:b1:14:eb:31,00:19:b9:0a:69:f1,192.168.10.50,172.16.0.1,80.0,80.0,,,,,,,,,,,
1499454511.9415047,123,00:c1:b1:14:eb:31,00:19:b9:0a:69:f1,172.16.0.1,192.168.10.50,80.0,80.0,,,,,,,,,,,
1499454216.806348,90,00:c1:b1:14:eb:31,00:19:b9:0a:69:f1,172.16.0.1,192.168.10.50,80.0,80.0,,,,,,,,,,,
1499450228.52695,120,00:c1:b1:14:eb:31,00:19:b9:0a:69:f1,192.168.10.50,192.168.10.50,80.0,80.0,,,,,,,,,,,
1499455160.942468,110,00:c1:b1:14:eb:31,00:19:b9:0a:69:f1,192.168.10.50,192.168.10.50,80.0,80.0,,,,,,,,,,,
1499450119.7397766,141,00:19:b9:0a:69:f1,00:c1:b1:14:eb:31,192.168.10.50,172.16.0.1,80.0,80.0,,,,,,,,,,,
1499454237.881858,121,00:c1:b1:14:eb:31,00:c1:b1:14:eb:31,192.168.10.50,192.168.10.50,80.0,80.0,,,,,,,,,,,
1499454261.2044291,66,00:c1:b1:14:eb:31,00:c1:b1:14:eb:31,192.168.10.50,172.16.0.1,80.0,80.0,,,,,,,,,,,
1499454905.0001366,126,00:c1:b1:14:eb:31,00:19:b9:0a:69:f1,172.16.0.1,172.16.0.1,80.0,80.0,,,,,,,,,,,
1499453926.9667175,133,00:c1:b1:14:eb:31,00:19:b9:0a:69:f1,192.168.10.50,192.168.10.50,80.0,80.0,,,,,,,,,,,
1499450354.8716085,181,00:19:b9:0a:69:f1,00:19:b9:0a:69:f1,192.168.10.50,192.168.10.50,80.0,80.0,,,,,,,,,,,
1499455139.4024446,111,00:c1:b1:14:eb:31,00:19:b9:0a:69:f1,192.168.10.50,192.168.10.50,80.0,80.0,,,,,,,,,,,
1499454957.924279,133,00:c1:b1:14:eb:31,00:c1:b1:14:eb:31,172.16.0.1,192.168.10.50,80.0,80.0,,,,,,,,,,,
1499454067.7013671,156,00:19:b9:0a:69:f1,00:19:b9:0a:69:f1,192.168.10.50,192.168.10.50,80.0,80.0,,,,,,,,,,,
1499450177.4170182,117,00:c1:b1:14:eb:31,00:c1:b1:14:eb:31,172.16.0.1,192.168.10.50,80.0,54040.0,,,,,,,,,,,
1499454251.354256,94,00:c1:b1:14:eb:31,00:19:b9:0a:69:f1,172.16.0.1,192.168.10.50,48606.0,80.0,,,,,,,,,,,
1499454523.8858168,99,00:19:b9:0a:69:f1,00:19:b9:0a:69:f1,172.16.0.1,192.168.10.50,80.0,80.0,,,,,,,,,,,
1499454750.8925145,187,00:19:b9:0a:69:f1,00:19:b9:0a:69:f1,172.16.0.1,192.168.10.50,80.0,80.0,,,,,,,,,,,
1499454847.7603018,117,00:19:b9:0a:69:f1,00:c1:b1:14:eb:31,172.16.0.1,192.168.10.50,80.0,80.0,,,,,,,,,,,
1499454700.978299,134,00:c1:b1:14:eb:31,00:19:b9:0a:69:f1,192.168.10.50,192.168.10.50,80.0,80.0,,,,,,,,,,,
1499454668.8407693,104,00:c1:b1:14:eb:31,00:c1:b1:14:eb:31,192.168.10.50,192.168.10.50,80.0,80.0,,,,,,,,,,,
1499449859.8042123,144,00:c1:b1:14:eb:31,00:19:b9:0a:69:f1,172.16.0.1,192.168.10.50,80.0,80.0,,,,,,,,,,,
1499455011.174948,114,00:c1:b1:14:eb:31,00:c1:b1:14:eb:31,172.16.0.1,192.168.10.50,80.0,80.0,,,,,,,,,,,
1499454263.9230404,120,00:19:b9:0a:69:f1,00:19:b9:0a:69:f1,172.16.0.1,192.168.10.50,80.0,80.0,,,,,,,,,,,
1499453791.2256267,178,00:c1:b1:14:eb:31,00:c1:b1:14:eb:31,172.16.0.1,192.168.10.50,80.0,80.0,,,,,,,,,,,
1499454259.581351,145,00:c1:b1:14:eb:31,00:19:b9:0a:69:f1,192.168.10.50,192.168.10.50,80.0,80.0,,,,,,,,,,,
1499450103.4617505,122,00:19:b9:0a:69:f1,00:c1:b1:14:eb:31,192.168.10.50,192.168.10.50,80.0,80.0,,,,,,,,,,,
1499454733.4109478,102,00:c1:b1:14:eb:31,00:c1:b1:14:eb:31,192.168.10.50,172.16.0.1,80.0,80.0,,,,,,,,,,,
1499450034.4011283,121,00:19:b9:0a:69:f1,00:c1:b1:14:eb:31,192.168.10.50,192.168.10.50,80.0,80.0,,,,,,,,,,,
1499454219.7124913,74,00:19:b9:0a:69:f1,00:c1:b1:14:eb:31,192.168.10.50,192.168.10.50,80.0,80.0,,,,,,,,,,,
1499454416.4843955,127,00:c1:b1:14:eb:31,00:19:b9:0a:69:f1,192.168.10.50,172.16.0.1,80.0,80.0,,,,,,,,,,,
1499454463.1992574,201,00:c1:b1:14:eb:31,00:19:b9:0a:69:f1,172.16.0.1,192.168.10.50,80.0,80.0,,,,,,,,,,,
1499454023.3590462,159,00:19:b9:0a:69:f1,00:19:b9:0a:69:f1,192.168.10.50,192.168.10.50,80.0,80.0,,,,,,,,,,,
1499449829.94798,147,00:c1:b1:14:eb:31,00:19:b9:0a:69:f1,172.16.0.1,172.16.0.1,80.0,80.0,,,,,,,,,,,
1499450112.29021,127,00:c1:b1:14:eb:31,00:c1:b1:14:eb:31,192.168.10.50,192.168.10.50,80.0,80.0,,,,,,,,,,,
1499454730.7632916,161,00:19:b9:0a:69:f1,00:c1:b1:14:eb:31,192.168.10.50,172.16.0.1,80.0,80.0,,,,,,,,,,,
1499449996.7379713,180,00:c1:b1:14:eb:31,00:19:b9:0a:69:f1,172.16.0.1,192.168.10.50,80.0,80.0,,,,,,,,,,,
1499454404.3443873,3328,00:c1:b1:14:eb:31,00:19:b9:0a:69:f1,192.168.10.50,192.168.10.50,80.0,80.0,,,,,,,,,,,
1499454813.1990333,139,00:c1:b1:14:eb:31,00:19:b9:0a:69:f1,192.168.10.50,192.168.10.50,80.0,80.0,,,,,,,,,,,
1499454688.8393164,173,00:c1:b1:14:eb:31,00:19:b9:0a:69:f1,192.168.10.50,172.16.0.1,80.0,80.0,,,,,,,,,,,
1499454234.5147803,147,00:c1:b1:14:eb:31,00:19:b9:0a:69:f1,192.168.10.50,172.16.0.1,80.0,80.0,,,,,,,,,,,
1499454560.0518746,125,00:19:b9:0a:69:f1,00:19:b9:0a:69:f1,172.16.0.1,172.16.0.1,80.0,80.0,,,,,,,,,,,
1499454546.821352,2974,00:19:b9:0a:69:f1,00:c1:b1:14:eb:31,192.168.10.50,172.16.0.1,80.0,55984.0,,,,,,,,,,,
1499454741.049752,119,00:c1:b1:14:eb:31,00:19:b9:0a:69:f1,192.168.10.50,192.168.10.50,80.0,80.0,,,,,,,,,,,
1499455108.3519816,183,00:c1:b1:14:eb:31,00:19:b9:0a:69:f1,192.168.10.50,192.168.10.50,80.0,80.0,,,,,,,,,,,
1499454432.025605,2889,00:19:b9:0a:69:f1,00:c1:b1:14:eb:31,192.168.10.50,172.16.0.1,80.0,50486.0,,,,,,,,,,,
1499454592.0218728,175,00:19:b9:0a:69:f1,00:c1:b1:14:eb:31,172.16.0.1,172.16.0.1,80.0,80.0,,,,,,,,,,,
1499454765.763115,177,00:c1:b1:14:eb:31,00:19:b9:0a:69:f1,172.16.0.1,192.168.10.50,80.0,80.0,,,,,,,,,,,
1499454440.1740212,138,00:19:b9:0a:69:f1,00:19:b9:0a:69:f1,192.168.10.50,192.168.10.50,80.0,80.0,,,,,,,,,,,
1499454598.2633438,133,00:19:b9:0a:69:f1,00:c1:b1:14:eb:31,192.168.10.50,192.168.10.50,80.0,80.0,,,,,,,,,,,
1499454745.8502882,117,00:19:b9:0a:69:f1,00:c1:b1:14:eb:31,172.16.0.1,172.16.0.1,80.0,80.0,,,,,,,,,,,
1499454802.1255715,113,00:c1:b1:14:eb:31,00:19:b9:0a:69:f1,172.16.0.1,192.168.10.50,80.0,80.0,,,,,,,,,,,
1499454027.0336173,159,00:19:b9:0a:69:f1,00:c1:b1:14:eb:31,172.16.0.1,192.168.10.50,80.0,80.0,,,,,,,,,,,
1499454093.442536,140,00:c1:b1:14:eb:31,00:c1:b1:14:eb:31,192.168.10.50,192.168.10.50,80.0,80.0,,,,,,,,,,,
1499454301.4905288,171,00:c1:b1:14:eb:31,00:19:b9:0a:69:f1,192.168.10.50,192.168.10.50,80.0,80.0,,,,,,,,,,,
1499449951.0973914,137,00:c1:b1:14:eb:31,00:c1:b1:14:eb:31,192.168.10.50,192.168.10.50,80.0,80.0,,,,,,,,,,,
1499450089.3798397,162,00:c1:b1:14:eb:31,00:c1:b1:14:eb:31,192.168.10.50,172.16.0.1,80.0,80.0,,,,,,,,,,,
1499454509.042307,113,00:c1:b1:14:eb:31,00:19:b9:0a:69:f1,172.16.0.1,172.16.0.1,80.0,80.0,,,,,,,,,,,
1499455044.1192317,96,00:c1:b1:14:eb:31,00:c1:b1:14:eb:31,172.16.0.1,192.168.10.50,80.0,80.0,,,,,,,,,,,
1499454175.3033042,166,00:19:b9:0a:69:f1,00:19:b9:0a:69:f1,172.16.0.1,192.168.10.50,80.0,80.0,,,,,,,,,,,
1499454706.51356,101,00:c1:b1:14:eb:31,00:19:b9:0a:69:f1,192.168.10.50,192.168.10.50,80.0,80.0,,,,,,,,,,,
1499454525.4457295,119,00:c1:b1:14:eb:31,00:19:b9:0a:69:f1,192.168.10.50,192.168.10.50,49800.0,80.0,,,,,,,,,,,
1499454304.3971264,130,00:c1:b1:14:eb:31,00:19:b9:0a:69:f1,192.168.10.50,192.168.10.50,80.0,80.0,,,,,,,,,,,
1499454007.3651328,131,00:19:b9:0a:69:f1,00:c1:b1:14:eb:31,172.16.0.1,192.168.10.50,80.0,80.0,,,,,,,,,,,
1499454635.39626,175,00:c1:b1:14:eb:31,00:19:b9:0a:69:f1,172.16.0.1,192.168.10.50,80.0,80.0,,,,,,,,,,,
1499454737.0577152,149,00:c1:b1:14:eb:31,00:19:b9:0a:69:f1,192.168.10.50,172.16.0.1,80.0,80.0,,,,,,,,,,,
1499453692.9027832,110,00:c1:b1:14:eb:31,00:19:b9:0a:69:f1,172.16.0.1,192.168.10.50,47998.0,80.0,,,,,,,,,,,
1499454004.576619,60,00:c1:b1:14:eb:31,00:19:b9:0a:69:f1,172.16.0.1,192.168.10.50,55226.0,80.0,,,,,,,,,,,
1499454596.85883,60,00:19:b9:0a:69:f1,00:c1:b1:14:eb:31,192.168.10.50,172.16.0.1,80.0,54864.0,,,,,,,,,,,
1499454072.366473,182,00:c1:b1:14:eb:31,00:c1:b1:14:eb:31,192.168.10.50,192.168.10.50,80.0,80.0,,,,,,,,,,,
1499454678.858925,156,00:19:b9:0a:69:f1,00:19:b9:0a:69:f1,172.16.0.1,192.168.10.50,80.0,80.0,,,,,,,,,,,
1499454795.858014,136,00:c1:b1:14:eb:31,00:19:b9:0a:69:f1,172.16.0.1,192.168.10.50,80.0,80.0,,,,,,,,,,,
1499454165.8649795,113,00:19:b9:0a:69:f1,00:19:b9:0a:69:f1,192.168.10.50,192.168.10.50,80.0,80.0,,,,,,,,,,,
1499449815.9452856,190,00:c1:b1:14:eb:31,00:c1:b1:14:eb:31,192.168.10.50,192.168.10.50,80.0,80.0,,,,,,,,,,,
1499454289.4149082,138,00:19:b9:0a:69:f1,00:19:b9:0a:69:f1,192.168.10.50,172.16.0.1,80.0,80.0,,,,,,,,,,,
1499454622.7347474,172,00:c1:b1:14:eb:31,00:c1:b1:14:eb:31,192.168.10.50,192.168.10.50,80.0,80.0,,,,,,,,,,,
1499454038.8424735,107,00:c1:b1:14:eb:31,00:19:b9:0a:69:f1,192.168.10.50,192.168.10.50,80.0,80.0,,,,,,,,,,,
1499453973.7190332,167,00:19:b9:0a:69:f1,00:c1:b1:14:eb:31,172.16.0.1,172.16.0.1,80.0,80.0,,,,,,,,,,,
1499454292.6152067,194,00:c1:b1:14:eb:31,00:19:b9:0a:69:f1,192.168.10.50,192.168.10.50,80.0,80.0,,,,,,,,,,,
1499453991.321763,141,00:19:b9:0a:69:f1,00:19:b9:0a:69:f1,192.168.10.50,172.16.0.1,80.0,80.0,,,,,,,,,,,
1499452226.615675,159,00:c1:b1:14:eb:31,00:c1:b1:14:eb:31,172.16.0.1,172.16.0.1,80.0,55555.0,,,,,,,,,,,
1499454138.113151,76,00:c1:b1:14:eb:31,00:19:b9:0a:69:f1,192.168.10.50,192.168.10.50,80.0,80.0,,,,,,,,,,,
1499454080.5424774,75,00:19:b9:0a:69:f1,00:19:b9:0a:69:f1,192.168.10.50,192.168.10.50,80.0,80.0,,,,,,,,,,,
1499454862.5839057,115,00:c1:b1:14:eb:31,00:19:b9:0a:69:f1,192.168.10.50,172.16.0.1,80.0,80.0,,,,,,,,,,,
1499454002.389075,60,00:19:b9:0a:69:f1,00:c1:b1:14:eb:31,192.168.10.50,172.16.0.1,80.0,55170.0,,,,,,,,,,,
1499454384.0521438,62,00:c1:b1:14:eb:31,00:19:b9:0a:69:f1,172.16.0.1,192.168.10.50,80.0,80.0,,,,,,,,,,,
1499454519.403242,115,00:c1:b1:14:eb:31,00:19:b9:0a:69:f1,192.168.10.50,192.168.10.50,80.0,80.0,,,,,,,,,,,
1499454303.470189,108,00:c1:b1:14:eb:31,00:19:b9:0a:69:f1,192.168.10.50,192.168.10.50,80.0,80.0,,,,,,,,,,,
1499450322.3850706,129,00:c1:b1:14:eb:31,00:c1:b1:14:eb:31,172.16.0.1,192.168.10.50,80.0,80.0,,,,,,,,,,,
1499455185.2139492,123,00:19:b9:0a:69:f1,00:19:b9:0a:69:f1,192.168.10.50,172.16.0.1,80.0,80.0,,,,,,,,,,,
1499453973.3810644,126,00:c1:b1:14:eb:31,00:c1:b1:14:eb:31,172.16.0.1,172.16.0.1,80.0,80.0,,,,,,,,,,,
1499454422.8429866,186,00:c1:b1:14:eb:31,00:19:b9:0a:69:f1,192.168.10.50,192.168.10.50,80.0,80.0,,,,,,,,,,,
1499454230.758413,170,00:19:b9:0a:69:f1,00:19:b9:0a:69:f1,172.16.0.1,192.168.10.50,80.0,80.0,,,,,,,,,,,
1499450130.7667012,134,00:c1:b1:14:eb:31,00:19:b9:0a:69:f1,192.168.10.50,172.16.0.1,80.0,80.0,,,,,,,,,,,
1499454048.3910887,137,00:c1:b1:14:eb:31,00:c1:b1:14:eb:31,192.168.10.50,192.168.10.50,80.0,80.0,,,,,,,,,,,
1499450234.3776472,151,00:c1:b1:14:eb:31,00:19:b9:0a:69:f1,192.168.10.50,192.168.10.50,80.0,80.0,,,,,,,,,,,
1499454874.2410684,126,00:c1:b1:14:eb:31,00:19:b9:0a:69:f1,172.16.0.1,172.16.0.1,80.0,80.0,,,,,,,,,,,
1499454322.171448,158,00:c1:b1:14:eb:31,00:c1:b1:14:eb:31,172.16.0.1,192.168.10.50,80.0,80.0,,,,,,,,,,,
1499449786.0944695,132,00:c1:b1:14:eb:31,00:c1:b1:14:eb:31,172.16.0.1,192.168.10.50,80.0,80.0,,,,,,,,,,,
1499454759.4181502,126,00:c1:b1:14:eb:31,00:19:b9:0a:69:f1,172.16.0.1,192.168.10.50,80.0,80.0,,,,,,,,,,,
1499454394.6699708,118,00:c1:b1:14:eb:31,00:19:b9:0a:69:f1,192.168.10.50,192.168.10.50,80.0,80.0,,,,,,,,,,,
1499454433.3885574,188,00:c1:b1:14:eb:31,00:19:b9:0a:69:f1,172.16.0.1,172.16.0.1,80.0,80.0,,,,,,,,,,,
1499454072.1181357,161,00:19:b9:0a:69:f1,00:c1:b1:14:eb:31,172.16.0.1,192.168.10.50,53744.0,80.0,,,,,,,,,,,
1499454342.1736414,165,00:c1:b1:14:eb:31,00:c1:b1:14:eb:31,172.16.0.1,172.16.0.1,80.0,80.0,,,,,,,,,,,
1499455263.0079553,3476,00:c1:b1:14:eb:31,00:c1:b1:14:eb:31,192.168.10.50,172.16.0.1,80.0,80.0,,,,,,,,,,,
1499454112.2898028,195,00:19:b9:0a:69:f1,00:c1:b1:14:eb:31,192.168.10.50,192.168.10.50,80.0,80.0,,,,,,,,,,,
1499454666.527728,60,00:c1:b1:14:eb:31,00:19:b9:0a:69:f1,172.16.0.1,192.168.10.50,56738.0,80.0,,,,,,,,,,,
1499454043.574103,169,00:c1:b1:14:eb:31,00:19:b9:0a:69:f1,172.16.0.1,172.16.0.1,80.0,80.0,,,,,,,,,,,
1499454551.7221687,130,00:19:b9:0a:69:f1,00:19:b9:0a:69:f1,172.16.0.1,172.16.0.1,80.0,80.0,,,,,,,,,,,
1499454365.480361,148,00:c1:b1:14:eb:31,00:19:b9:0a:69:f1,192.168.10.50,172.16.0.1,80.0,80.0,,,,,,,,,,,
1499449841.2469146,126,00:c1:b1:14:eb:31,00:c1:b1:14:eb:31,192.168.10.50,192.168.10.50,80.0,80.0,,,,,,,,,,,
1499454008.8409064,172,00:19:b9:0a:69:f1,00:19:b9:0a:69:f1,172.16.0.1,192.168.10.50,80.0,80.0,,,,,,,,,,,
1499454425.676013,137,00:c1:b1:14:eb:31,00:c1:b1:14:eb:31,192.168.10.50,192.168.10.50,80.0,80.0,,,,,,,,,,,
1499454129.4903464,151,00:c1:b1:14:eb:31,00:19:b9:0a:69:f1,192.168.10.50,192.168.10.50,80.0,80.0,,,,,,,,,,,
1499454333.3336332,133,00:c1:b1:14:eb:31,00:19:b9:0a:69:f1,192.168.10.50,192.168.10.50,80.0,80.0,,,,,,,,,,,
1499454890.1615114,167,00:19:b9:0a:69:f1,00:19:b9:0a:69:f1,192.168.10.50,172.16.0.1,80.0,80.0,,,,,,,,,,,
1499454089.124094,158,00:c1:b1:14:eb:31,00:19:b9:0a:69:f1,172.16.0.1,192.168.10.50,80.0,80.0,,,,,,,,,,,
1499454578.806578,1514,00:19:b9:0a:69:f1,00:c1:b1:14:eb:31,192.168.10.50,172.16.0.1,80.0,54373.0,,,,,,,,,,,
1499450143.694238,164,00:c1:b1:14:eb:31,00:c1:b1:14:eb:31,192.168.10.50,192.168.10.50,80.0,80.0,,,,,,,,,,,
1499454314.204861,3586,00:c1:b1:14:eb:31,00:19:b9:0a:69:f1,192.168.10.50,172.16.0.1,80.0,80.0,,,,,,,,,,,
1499454206.1473374,96,00:c1:b1:14:eb:31,00:c1:b1:14:eb:31,192.168.10.50,192.168.10.50,80.0,80.0,,,,,,,,,,,
1499454740.0372317,198,00:c1:b1:14:eb:31,00:19:b9:0a:69:f1,192.168.10.50,172.16.0.1,80.0,80.0,,,,,,,,,,,
1499454066.1981902,93,00:c1:b1:14:eb:31,00:19:b9:0a:69:f1,192.168.10.50,192.168.10.50,80.0,80.0,,,,,,,,,,,
1499454769.1961598,174,00:c1:b1:14:eb:31,00:19:b9:0a:69:f1,172.16.0.1,192.168.10.50,80.0,80.0,,,,,,,,,,,
1499454317.9834518,185,00:c1:b1:14:eb:31,00:c1:b1:14:eb:31,172.16.0.1,192.168.10.50,80.0,80.0,,,,,,,,,,,
1499454556.114336,74,00:c1:b1:14:eb:31,00:19:b9:0a:69:f1,172.16.0.1,192.168.10.50,56242.0,80.0,,,,,,,,,,,
1499454271.6318789,153,00:19:b9:0a:69:f1,00:c1:b1:14:eb:31,172.16.0.1,192.168.10.50,80.0,80.0,,,,,,,,,,,
1499454142.9838445,168,00:c1:b1:14:eb:31,00:19:b9:0a:69:f1,172.16.0.1,192.168.10.50,80.0,80.0,,,,,,,,,,,
1499454400.433076,138,00:c1:b1:14:eb:31,00:19:b9:0a:69:f1,172.16.0.1,192.168.10.50,80.0,80.0,,,,,,,,,,,
1499454576.3227344,182,00:c1:b1:14:eb:31,00:19:b9:0a:69:f1,172.16.0.1,192.168.10.50,80.0,80.0,,,,,,,,,,,
1499453999.0030105,136,00:19:b9:0a:69:f1,00:19:b9:0a:69:f1,172.16.0.1,192.168.10.50,80.0,80.0,,,,,,,,,,,
1499454204.5171103,95,00:19:b9:0a:69:f1,00:19:b9:0a:69:f1,192.168.10.50,192.168.10.50,80.0,80.0,,,,,,,,,,,
1499454596.199774,60,00:c1:b1:14:eb:31,00:19:b9:0a:69:f1,172.16.0.1,192.168.10.50,54851.0,80.0,,,,,,,,,,,
1499450210.4962766,135,00:c1:b1:14:eb:31,00:19:b9:0a:69:f1,172.16.0.1,192.168.10.50,80.0,80.0,,,,,,,,,,,
1499454160.354081,181,00:c1:b1:14:eb:31,00:c1:b1:14:eb:31,192.168.10.50,192.168.10.50,80.0,80.0,,,,,,,,,,,
1499454893.8756237,110,00:c1:b1:14:eb:31,00:19:b9:0a:69:f1,172.16.0.1,192.168.10.50,55850.0,80.0,,,,,,,,,,,
1499454851.9857428,147,00:19:b9:0a:69:f1,00:c1:b1:14:eb:31,172.16.0.1,172.16.0.1,80.0,80.0,,,,,,,,,,,
1499454330.5203056,146,00:c1:b1:14:eb:31,00:c1:b1:14:eb:31,192.168.10.50,192.168.10.50,80.0,80.0,,,,,,,,,,,
1499454845.4679224,87,00:c1:b1:14:eb:31,00:19:b9:0a:69:f1,192.168.10.50,192.168.10.50,55850.0,80.0,,,,,,,,,,,
1499450092.0499492,186,00:19:b9:0a:69:f1,00:c1:b1:14:eb:31,172.16.0.1,192.168.10.50,80.0,80.0,,,,,,,,,,,
1499454563.6191647,90,00:c1:b1:14:eb:31,00:19:b9:0a:69:f1,172.16.0.1,192.168.10.50,80.0,80.0,,,,,,,,,,,
1499450173.8628862,146,00:c1:b1:14:eb:31,00:19:b9:0a:69:f1,172.16.0.1,192.168.10.50,80.0,80.0,,,,,,,,,,,
1499453966.7493727,153,00:c1:b1:14:eb:31,00:19:b9:0a:69:f1,172.16.0.1,192.168.10.50,80.0,80.0,,,,,,,,,,,
1499454732.430704,60,00:19:b9:0a:69:f1,00:c1:b1:14:eb:31,192.168.10.50,172.16.0.1,80.0,36722.0,,,,,,,,,,,
1499450245.7082844,151,00:19:b9:0a:69:f1,00:19:b9:0a:69:f1,172.16.0.1,192.168.10.50,80.0,80.0,,,,,,,,,,,
1499454887.3444147,139,00:c1:b1:14:eb:31,00:19:b9:0a:69:f1,192.168.10.50,192.168.10.50,80.0,80.0,,,,,,,,,,,
1499454606.1711023,84,00:c1:b1:14:eb:31,00:19:b9:0a:69:f1,172.16.0.1,172.16.0.1,80.0,80.0,,,,,,,,,,,
1499454396.3483033,95,00:c1:b1:14:eb:31,00:c1:b1:14:eb:31,172.16.0.1,192.168.10.50,80.0,80.0,,,,,,,,,,,
1499454416.900464,114,00:c1:b1:14:eb:31,00:19:b9:0a:69:f1,192.168.10.50,172.16.0.1,80.0,80.0,,,,,,,,,,,
1499454185.453148,115,00:c1:b1:14:eb:31,00:19:b9:0a:69:f1,172.16.0.1,192.168.10.50,80.0,80.0,,,,,,,,,,,
1499454160.7745426,113,00:c1:b1:14:eb:31,00:19:b9:0a:69:f1,192.168.10.50,172.16.0.1,80.0,80.0,,,,,,,,,,,
1499454646.2369013,154,00:c1:b1:14:eb:31,00:c1:b1:14:eb:31,192.168.10.50,192.168.10.50,80.0,80.0,,,,,,,,,,,
1499455073.8760796,151,00:c1:b1:14:eb:31,00:19:b9:0a:69:f1,172.16.0.1,192.168.10.50,80.0,80.0,,,,,,,,,,,
1499454967.7172966,136,00:c1:b1:14:eb:31,00:19:b9:0a:69:f1,192.168.10.50,192.168.10.50,80.0,80.0,,,,,,,,,,,
1499454157.9541736,67,00:c1:b1:14:eb:31,00:c1:b1:14:eb:31,172.16.0.1,192.168.10.50,80.0,80.0,,,,,,,,,,,
1499453906.4786935,89,00:19:b9:0a:69:f1,00:19:b9:0a:69:f1,192.168.10.50,192.168.10.50,80.0,50702.0,,,,,,,,,,,
1499454318.3267407,129,00:c1:b1:14:eb:31,00:19:b9:0a:69:f1,172.16.0.1,192.168.10.50,80.0,80.0,,,,,,,,,,,
1499453994.080255,106,00:c1:b1:14:eb:31,00:c1:b1:14:eb:31,172.16.0.1,192.168.10.50,80.0,80.0,,,,,,,,,,,
1499454085.8039398,130,00:c1:b1:14:eb:31,00:19:b9:0a:69:f1,172.16.0.1,192.168.10.50,80.0,80.0,,,,,,,,,,,
1499454455.1023004,144,00:19:b9:0a:69:f1,00:c1:b1:14:eb:31,172.16.0.1,192.168.10.50,80.0,80.0,,,,,,,,,,,
1499454554.0073912,3754,00:19:b9:0a:69:f1,00:19:b9:0a:69:f1,172.16.0.1,192.168.10.50,80.0,80.0,,,,,,,,,,,
1499454467.0090978,127,00:c1:b1:14:eb:31,00:19:b9:0a:69:f1,192.168.10.50,192.168.10.50,80.0,80.0,,,,,,,,,,,
1499454152.9258468,86,00:19:b9:0a:69:f1,00:c1:b1:14:eb:31,172.16.0.1,192.168.10.50,80.0,80.0,,,,,,,,,,,
1499454773.6679585,149,00:c1:b1:14:eb:31,00:19:b9:0a:69:f1,172.16.0.1,192.168.10.50,80.0,80.0,,,,,,,,,,,
1499454320.9417174,160,00:c1:b1:14:eb:31,00:19:b9:0a:69:f1,192.168.10.50,192.168.10.50,80.0,80.0,,,,,,,,,,,
1499454303.551361,97,00:c1:b1:14:eb:31,00:19:b9:0a:69:f1,192.168.10.50,192.168.10.50,80.0,80.0,,,,,,,,,,,
1499454078.122533,155,00:c1:b1:14:eb:31,00:19:b9:0a:69:f1,172.16.0.1,192.168.10.50,80.0,80.0,,,,,,,,,,,
1499454432.9975262,91,00:c1:b1:14:eb:31,00:19:b9:0a:69:f1,172.16.0.1,192.168.10.50,80.0,80.0,,,,,,,,,,,
1499454402.1969318,77,00:c1:b1:14:eb:31,00:19:b9:0a:69:f1,172.16.0.1,172.16.0.1,80.0,80.0,,,,,,,,,,,
1499454355.9374766,151,00:c1:b1:14:eb:31,00:19:b9:0a:69:f1,192.168.10.50,192.168.10.50,80.0,80.0,,,,,,,,,,,
1499454039.7061858,161,00:c1:b1:14:eb:31,00:c1:b1:14:eb:31,172.16.0.1,192.168.10.50,80.0,80.0,,,,,,,,,,,
1499449771.4772987,144,00:19:b9:0a:69:f1,00:19:b9:0a:69:f1,192.168.10.50,192.168.10.50,54631.0,80.0,,,,,,,,,,,
1499454038.528387,122,00:c1:b1:14:eb:31,00:19:b9:0a:69:f1,192.168.10.50,172.16.0.1,57373.0,80.0,,,,,,,,,,,
1499453887.3416965,128,00:19:b9:0a:69:f1,00:19:b9:0a:69:f1,172.16.0.1,192.168.10.50,80.0,80.0,,,,,,,,,,,
1499454610.2175734,155,00:19:b9:0a:69:f1,00:c1:b1:14:eb:31,192.168.10.50,172.16.0.1,80.0,80.0,,,,,,,,,,,
1499454113.624449,198,00:c1:b1:14:eb:31,00:19:b9:0a:69:f1,192.168.10.50,172.16.0.1,80.0,80.0,,,,,,,,,,,
1499454548.0734556,179,00:c1:b1:14:eb:31,00:19:b9:0a:69:f1,192.168.10.50,192.168.10.50,80.0,80.0,,,,,,,,,,,
1499452091.219713,149,00:c1:b1:14:eb:31,00:c1:b1:14:eb:31,192.168.10.50,192.168.10.50,80.0,80.0,,,,,,,,,,,
1499453899.8765175,147,00:19:b9:0a:69:f1,00:c1:b1:14:eb:31,172.16.0.1,192.168.10.50,80.0,80.0,,,,,,,,,,,
1499454280.8598263,82,00:19:b9:0a:69:f1,00:c1:b1:14:eb:31,172.16.0.1,192.168.10.50,80.0,80.0,,,,,,,,,,,
1499454335.4181836,111,00:c1:b1:14:eb:31,00:19:b9:0a:69:f1,192.168.10.50,192.168.10.50,80.0,80.0,,,,,,,,,,,
1499454615.91147,175,00:c1:b1:14:eb:31,00:19:b9:0a:69:f1,172.16.0.1,192.168.10.50,80.0,80.0,,,,,,,,,,,
1499454489.5171535,84,00:c1:b1:14:eb:31,00:19:b9:0a:69:f1,172.16.0.1,192.168.10.50,80.0,80.0,,,,,,,,,,,
1499454729.4056857,145,00:c1:b1:14:eb:31,00:19:b9:0a:69:f1,192.168.10.50,192.168.10.50,80.0,80.0,,,,,,,,,,,
1499454236.96623,175,00:c1:b1:14:eb:31,00:19:b9:0a:69:f1,192.168.10.50,192.168.10.50,80.0,80.0,,,,,,,,,,,
1499454389.296347,200,00:19:b9:0a:69:f1,00:19:b9:0a:69:f1,172.16.0.1,192.168.10.50,80.0,80.0,,,,,,,,,,,
1499454097.4326642,190,00:19:b9:0a:69:f1,00:c1:b1:14:eb:31,192.168.10.50,172.16.0.1,80.0,80.0,,,,,,,,,,,
1499454481.0689218,154,00:c1:b1:14:eb:31,00:19:b9:0a:69:f1,192.168.10.50,192.168.10.50,80.0,80.0,,,,,,,,,,,
1499454285.990054,101,00:19:b9:0a:69:f1,00:19:b9:0a:69:f1,192.168.10.50,192.168.10.50,80.0,80.0,,,,,,,,,,,
1499454824.461624,128,00:19:b9:0a:69:f1,00:19:b9:0a:69:f1,172.16.0.1,192.168.10.50,80.0,80.0,,,,,,,,,,,
1499454972.5414464,185,00:c1:b1:14:eb:31,00:c1:b1:14:eb:31,172.16.0.1,192.168.10.50,80.0,80.0,,,,,,,,,,,
1499449902.292853,176,00:19:b9:0a:69:f1,00:c1:b1:14:eb:31,172.16.0.1,172.16.0.1,80.0,80.0,,,,,,,,,,,
1499454681.0452766,149,00:c1:b1:14:eb:31,00:19:b9:0a:69:f1,192.168.10.50,192.168.10.50,80.0,80.0,,,,,,,,,,,
1499454140.104288,178,00:c1:b1:14:eb:31,00:19:b9:0a:69:f1,172.16.0.1,192.168.10.50,80.0,80.0,,,,,,,,,,,
1499455191.3943036,163,00:c1:b1:14:eb:31,00:c1:b1:14:eb:31,192.168.10.50,192.168.10.50,80.0,80.0,,,,,,,,,,,
1499449973.4478283,103,00:c1:b1:14:eb:31,00:19:b9:0a:69:f1,172.16.0.1,192.168.10.50,80.0,80.0,,,,,,,,,,,
1499454940.4204862,138,00:c1:b1:14:eb:31,00:19:b9:0a:69:f1,192.168.10.50,192.168.10.50,80.0,80.0,,,,,,,,,,,
1499454391.2876034,107,00:19:b9:0a:69:f1,00:19:b9:0a:69:f1,172.16.0.1,172.16.0.1,80.0,80.0,,,,,,,,,,,
1499454050.7596748,120,00:c1:b1:14:eb:31,00:c1:b1:14:eb:31,172.16.0.1,192.168.10.50,80.0,80.0,,,,,,,,,,,
1499450327.3595634,112,00:c1:b1:14:eb:31,00:19:b9:0a:69:f1,192.168.10.50,192.168.10.50,80.0,80.0,,,,,,,,,,,
1499454476.2043846,132,00:c1:b1:14:eb:31,00:19:b9:0a:69:f1,192.168.10.50,192.168.10.50,80.0,80.0,,,,,,,,,,,
1499454955.5138505,157,00:c1:b1:14:eb:31,00:19:b9:0a:69:f1,172.16.0.1,192.168.10.50,80.0,80.0,,,,,,,,,,,
1499454514.48676,134,00:c1:b1:14:eb:31,00:c1:b1:14:eb:31,172.16.0.1,172.16.0.1,80.0,80.0,,,,,,,,,,,
1499454080.0721056,178,00:19:b9:0a:69:f1,00:19:b9:0a:69:f1,172.16.0.1,192.168.10.50,80.0,80.0,,,,,,,,,,,
1499453847.9261315,157,00:c1:b1:14:eb:31,00:19:b9:0a:69:f1,192.168.10.50,192.168.10.50,80.0,80.0,,,,,,,,,,,
1499454617.635117,70,00:c1:b1:14:eb:31,00:19:b9:0a:69:f1,192.168.10.50,192.168.10.50,80.0,80.0,,,,,,,,,,,
1499454347.0659964,123,00:c1:b1:14:eb:31,00:19:b9:0a:69:f1,172.16.0.1,192.168.10.50,80.0,80.0,,,,,,,,,,,
1499454302.0796523,159,00:c1:b1:14:eb:31,00:19:b9:0a:69:f1,172.16.0.1,192.168.10.50,80.0,80.0,,,,,,,,,,,
1499449827.3985777,192,00:c1:b1:14:eb:31,00:c1:b1:14:eb:31,192.168.10.50,192.168.10.50,80.0,80.0,,,,,,,,,,,
1499454351.5102527,138,00:c1:b1:14:eb:31,00:19:b9:0a:69:f1,172.16.0.1,172.16.0.1,80.0,80.0,,,,,,,,,,,
1499454619.9438124,193,00:c1:b1:14:eb:31,00:19:b9:0a:69:f1,172.16.0.1,192.168.10.50,80.0,80.0,,,,,,,,,,,
1499454680.3951423,137,00:19:b9:0a:69:f1,00:19:b9:0a:69:f1,172.16.0.1,192.168.10.50,80.0,80.0,,,,,,,,,,,
1499454065.8910694,108,00:c1:b1:14:eb:31,00:19:b9:0a:69:f1,192.168.10.50,192.168.10.50,80.0,80.0,,,,,,,,,,,
1499454172.217997,185,00:c1:b1:14:eb:31,00:19:b9:0a:69:f1,192.168.10.50,192.168.10.50,80.0,80.0,,,,,,,,,,,
1499454081.4486148,149,00:c1:b1:14:eb:31,00:19:b9:0a:69:f1,192.168.10.50,192.168.10.50,80.0,80.0,,,,,,,,,,,
1499454834.0174954,173,00:c1:b1:14:eb:31,00:c1:b1:14:eb:31,172.16.0.1,192.168.10.50,80.0,80.0,,,,,,,,,,,
1499454126.371686,135,00:c1:b1:14:eb:31,00:19:b9:0a:69:f1,192.168.10.50,192.168.10.50,80.0,80.0,,,,,,,,,,,
1499454294.2884226,110,00:19:b9:0a:69:f1,00:c1:b1:14:eb:31,192.168.10.50,192.168.10.50,80.0,80.0,,,,,,,,,,,
1499453984.380381,183,00:c1:b1:14:eb:31,00:c1:b1:14:eb:31,192.168.10.50,192.168.10.50,80.0,80.0,,,,,,,,,,,
1499454214.3229797,176,00:c1:b1:14:eb:31,00:c1:b1:14:eb:31,192.168.10.50,192.168.10.50,80.0,80.0,,,,,,,,,,,
1499454157.6689663,136,00:c1:b1:14:eb:31,00:c1:b1:14:eb:31,172.16.0.1,172.16.0.1,80.0,80.0,,,,,,,,,,,
1499450406.797519,98,00:c1:b1:14:eb:31,00:c1:b1:14:eb:31,192.168.10.50,192.168.10.50,80.0,80.0,,,,,,,,,,,
1499450948.1226368,194,00:19:b9:0a:69:f1,00:c1:b1:14:eb:31,172.16.0.1,192.168.10.50,80.0,50702.0,,,,,,,,,,,
1499454753.9088635,167,00:c1:b1:14:eb:31,00:19:b9:0a:69:f1,192.168.10.50,192.168.10.50,80.0,80.0,,,,,,,,,,,
1499454371.8809102,137,00:c1:b1:14:eb:31,00:19:b9:0a:69:f1,192.168.10.50,172.16.0.1,80.0,80.0,,,,,,,,,,,
1499453982.2405348,82,00:c1:b1:14:eb:31,00:19:b9:0a:69:f1,192.168.10.50,192.168.10.50,80.0,80.0,,,,,,,,,,,
1499454322.5685494,81,00:c1:b1:14:eb:31,00:19:b9:0a:69:f1,172.16.0.1,192.168.10.50,80.0,80.0,,,,,,,,,,,
1499454807.3536005,126,00:c1:b1:14:eb:31,00:c1:b1:14:eb:31,172.16.0.1,192.168.10.50,80.0,80.0,,,,,,,,,,,
1499455031.8009202,184,00:c1:b1:14:eb:31,00:19:b9:0a:69:f1,172.16.0.1,192.168.10.50,80.0,80.0,,,,,,,,,,,
1499454045.0728312,149,00:c1:b1:14:eb:31,00:19:b9:0a:69:f1,172.16.0.1,192.168.10.50,80.0,80.0,,,,,,,,,,,
1499455022.07852,74,00:c1:b1:14:eb:31,00:19:b9:0a:69:f1,172.16.0.1,192.168.10.50,80.0,80.0,,,,,,,,,,,
1499453931.1085498,151,00:19:b9:0a:69:f1,00:c1:b1:14:eb:31,192.168.10.50,192.168.10.50,80.0,80.0,,,,,,,,,,,
1499454222.7714145,152,00:c1:b1:14:eb:31,00:19:b9:0a:69:f1,192.168.10.50,192.168.10.50,80.0,80.0,,,,,,,,,,,
1499454354.3961844,160,00:19:b9:0a:69:f1,00:c1:b1:14:eb:31,172.16.0.1,192.168.10.50,80.0,80.0,,,,,,,,,,,
1499454517.9997826,120,00:c1:b1:14:eb:31,00:19:b9:0a:69:f1,172.16.0.1,192.168.10.50,80.0,80.0,,,,,,,,,,,
1499450408.72947,105,00:c1:b1:14:eb:31,00:19:b9:0a:69:f1,172.16.0.1,192.168.10.50,80.0,80.0,,,,,,,,,,,
1499454957.0821517,98,00:c1:b1:14:eb:31,00:19:b9:0a:69:f1,192.168.10.50,192.168.10.50,80.0,80.0,,,,,,,,,,,
1499455095.765515,137,00:c1:b1:14:eb:31,00:19:b9:0a:69:f1,192.168.10.50,192.168.10.50,80.0,55555.0,,,,,,,,,,,
1499450012.2084298,174,00:c1:b1:14:eb:31,00:19:b9:0a:69:f1,172.16.0.1,192.168.10.50,80.0,80.0,,,,,,,,,,,
1499454377.65652,105,00:c1:b1:14:eb:31,00:c1:b1:14:eb:31,172.16.0.1,192.168.10.50,80.0,80.0,,,,,,,,,,,
1499453852.711448,66,00:c1:b1:14:eb:31,00:19:b9:0a:69:f1,172.16.0.1,192.168.10.50,53096.0,80.0,,,,,,,,,,,
1499454085.666072,172,00:c1:b1:14:eb:31,00:19:b9:0a:69:f1,172.16.0.1,192.168.10.50,80.0,80.0,,,,,,,,,,,
1499454473.2848723,167,00:c1:b1:14:eb:31,00:c1:b1:14:eb:31,192.168.10.50,172.16.0.1,80.0,80.0,,,,,,,,,,,
1499450231.6669383,131,00:c1:b1:14:eb:31,00:19:b9:0a:69:f1,172.16.0.1,192.168.10.50,80.0,80.0,,,,,,,,,,,
1499453903.4489872,166,00:c1:b1:14:eb:31,00:19:b9:0a:69:f1,192.168.10.50,172.16.0.1,80.0,80.0,,,,,,,,,,,
1499450409.599475,120,00:c1:b1:14:eb:31,00:c1:b1:14:eb:31,172.16.0.1,172.16.0.1,80.0,80.0,,,,,,,,,,,
1499454969.1052313,172,00:19:b9:0a:69:f1,00:c1:b1:14:eb:31,172.16.0.1,172.16.0.1,80.0,80.0,,,,,,,,,,,
1499454260.9372196,119,00:c1:b1:14:eb:31,00:19:b9:0a:69:f1,172.16.0.1,172.16.0.1,80.0,80.0,,,,,,,,,,,
1499454604.27154,174,00:c1:b1:14:eb:31,00:19:b9:0a:69:f1,192.168.10.50,192.168.10.50,80.0,80.0,,,,,,,,,,,
1499454170.1080017,152,00:c1:b1:14:eb:31,00:19:b9:0a:69:f1,192.168.10.50,192.168.10.50,80.0,80.0,,,,,,,,,,,
1499453942.7864163,173,00:19:b9:0a:69:f1,00:19:b9:0a:69:f1,172.16.0.1,192.168.10.50,80.0,80.0,,,,,,,,,,,
1499454082.1313226,165,00:c1:b1:14:eb:31,00:19:b9:0a:69:f1,192.168.10.50,192.168.10.50,80.0,80.0,,,,,,,,,,,
1499454318.351176,132,00:19:b9:0a:69:f1,00:19:b9:0a:69:f1,172.16.0.1,192.168.10.50,80.0,80.0,,,,,,,,,,,
1499453890.6108174,171,00:19:b9:0a:69:f1,00:c1:b1:14:eb:31,192.168.10.50,192.168.10.50,80.0,80.0,,,,,,,,,,,
1499454069.8905797,144,00:c1:b1:14:eb:31,00:19:b9:0a:69:f1,192.168.10.50,192.168.10.50,80.0,80.0,,,,,,,,,,,
1499454433.7786126,150,00:c1:b1:14:eb:31,00:c1:b1:14:eb:31,192.168.10.50,192.168.10.50,80.0,80.0,,,,,,,,,,,
1499454759.111081,121,00:c1:b1:14:eb:31,00:c1:b1:14:eb:31,172.16.0.1,192.168.10.50,80.0,80.0,,,,,,,,,,,
1499454793.64398,144,00:c1:b1:14:eb:31,00:19:b9:0a:69:f1,192.168.10.50,192.168.10.50,80.0,80.0,,,,,,,,,,,
1499454827.7560604,155,00:c1:b1:14:eb:31,00:19:b9:0a:69:f1,192.168.10.50,192.168.10.50,80.0,80.0,,,,,,,,,,,
1499454158.9916549,145,00:c1:b1:14:eb:31,00:19:b9:0a:69:f1,172.16.0.1,192.168.10.50,80.0,80.0,,,,,,,,,,,
1499454087.9509232,179,00:c1:b1:14:eb:31,00:19:b9:0a:69:f1,192.168.10.50,172.16.0.1,80.0,80.0,,,,,,,,,,,
1499450294.0316348,184,00:c1:b1:14:eb:31,00:19:b9:0a:69:f1,192.168.10.50,192.168.10.50,80.0,80.0,,,,,,,,,,,
1499454631.9499989,149,00:19:b9:0a:69:f1,00:19:b9:0a:69:f1,192.168.10.50,192.168.10.50,80.0,80.0,,,,,,,,,,,
1499454591.8766885,158,00:c1:b1:14:eb:31,00:c1:b1:14:eb:31,172.16.0.1,192.168.10.50,80.0,80.0,,,,,,,,,,,
1499449874.6783535,123,00:c1:b1:14:eb:31,00:19:b9:0a:69:f1,172.16.0.1,192.168.10.50,80.0,80.0,,,,,,,,,,,
1499450025.7947662,177,00:c1:b1:14:eb:31,00:19:b9:0a:69:f1,172.16.0.1,192.168.10.50,80.0,80.0,,,,,,,,,,,
1499454434.8844893,181,00:19:b9:0a:69:f1,00:19:b9:0a:69:f1,172.16.0.1,192.168.10.50,80.0,80.0,,,,,,,,,,,
1499454864.7368605,95,00:c1:b1:14:eb:31,00:c1:b1:14:eb:31,172.16.0.1,192.168.10.50,80.0,80.0,,,,,,,,,,,
1499450037.9535737,167,00:c1:b1:14:eb:31,00:19:b9:0a:69:f1,172.16.0.1,192.168.10.50,80.0,80.0,,,,,,,,,,,
1499454044.4400911,89,00:c1:b1:14:eb:31,00:19:b9:0a:69:f1,192.168.10.50,192.168.10.50,80.0,80.0,,,,,,,,,,,
1499454902.9470394,98,00:c1:b1:14:eb:31,00:19:b9:0a:69:f1,172.16.0.1,172.16.0.1,80.0,57730.0,,,,,,,,,,,
1499453861.51327,175,00:19:b9:0a:69:f1,00:19:b9:0a:69:f1,172.16.0.1,192.168.10.50,80.0,80.0,,,,,,,,,,,
1499454188.03613,134,00:c1:b1:14:eb:31,00:19:b9:0a:69:f1,172.16.0.1,192.168.10.50,80.0,80.0,,,,,,,,,,,
1499454353.525434,169,00:19:b9:0a:69:f1,00:c1:b1:14:eb:31,172.16.0.1,192.168.10.50,80.0,80.0,,,,,,,,,,,
1499450202.395433,131,00:c1:b1:14:eb:31,00:19:b9:0a:69:f1,192.168.10.50,192.168.10.50,80.0,80.0,,,,,,,,,,,
1499449710.309353,157,00:c1:b1:14:eb:31,00:19:b9:0a:69:f1,192.168.10.50,172.16.0.1,80.0,80.0,,,,,,,,,,,
1499454176.6358016,138,00:19:b9:0a:69:f1,00:c1:b1:14:eb:31,192.168.10.50,172.16.0.1,80.0,80.0,,,,,,,,,,,
1499450173.678087,165,00:c1:b1:14:eb:31,00:19:b9:0a:69:f1,172.16.0.1,192.168.10.50,80.0,80.0,,,,,,,,,,,
1499454408.1289558,118,00:c1:b1:14:eb:31,00:c1:b1:14:eb:31,192.168.10.50,172.16.0.1,80.0,80.0,,,,,,,,,,,
1499453946.15347,127,00:19:b9:0a:69:f1,00:c1:b1:14:eb:31,192.168.10.50,192.168.10.50,57373.0,80.0,,,,,,,,,,,
1499455004.504083,128,00:c1:b1:14:eb:31,00:19:b9:0a:69:f1,192.168.10.50,192.168.10.50,80.0,80.0,,,,,,,,,,,
1499450504.9796157,164,00:c1:b1:14:eb:31,00:19:b9:0a:69:f1,192.168.10.50,192.168.10.50,80.0,80.0,,,,,,,,,,,
1499454392.149938,138,00:c1:b1:14:eb:31,00:19:b9:0a:69:f1,172.16.0.1,192.168.10.50,80.0,80.0,,,,,,,,,,,
1499454341.0232966,106,00:c1:b1:14:eb:31,00:c1:b1:14:eb:31,192.168.10.50,172.16.0.1,80.0,80.0,,,,,,,,,,,
1499453989.1860888,93,00:c1:b1:14:eb:31,00:19:b9:0a:69:f1,192.168.10.50,172.16.0.1,80.0,80.0,,,,,,,,,,,
1499454630.315038,60,00:c1:b1:14:eb:31,00:19:b9:0a:69:f1,172.16.0.1,192.168.10.50,55756.0,80.0,,,,,,,,,,,
1499454026.4076917,90,00:c1:b1:14:eb:31,00:c1:b1:14:eb:31,192.168.10.50,192.168.10.50,80.0,80.0,,,,,,,,,,,
1499454661.456139,187,00:19:b9:0a:69:f1,00:c1:b1:14:eb:31,172.16.0.1,192.168.10.50,80.0,80.0,,,,,,,,,,,
1499454300.7549374,150,00:19:b9:0a:69:f1,00:19:b9:0a:69:f1,172.16.0.1,192.168.10.50,80.0,80.0,,,,,,,,,,,
1499454050.460406,175,00:c1:b1:14:eb:31,00:19:b9:0a:69:f1,192.168.10.50,192.168.10.50,80.0,80.0,,,,,,,,,,,
1499453638.266673,134,00:c1:b1:14:eb:31,00:19:b9:0a:69:f1,192.168.10.50,172.16.0.1,80.0,80.0,,,,,,,,,,,
1499454394.6390646,159,00:19:b9:0a:69:f1,00:19:b9:0a:69:f1,172.16.0.1,192.168.10.50,80.0,53327.0,,,,,,,,,,,
1499455048.615794,152,00:19:b9:0a:69:f1,00:c1:b1:14:eb:31,172.16.0.1,192.168.10.50,80.0,80.0,,,,,,,,,,,
1499453867.564548,60,00:c1:b1:14:eb:31,00:19:b9:0a:69:f1,172.16.0.1,192.168.10.50,53457.0,80.0,,,,,,,,,,,
1499454311.2186694,139,00:19:b9:0a:69:f1,00:19:b9:0a:69:f1,172.16.0.1,172.16.0.1,80.0,80.0,,,,,,,,,,,
1499454034.2055502,137,00:c1:b1:14:eb:31,00:19:b9:0a:69:f1,172.16.0.1,192.168.10.50,80.0,80.0,,,,,,,,,,,
1499450167.069343,176,00:19:b9:0a:69:f1,00:c1:b1:14:eb:31,172.16.0.1,172.16.0.1,80.0,80.0,,,,,,,,,,,
1499454168.442831,163,00:c1:b1:14:eb:31,00:19:b9:0a:69:f1,172.16.0.1,192.168.10.50,80.0,80.0,,,,,,,,,,,
1499450200.8737988,111,00:c1:b1:14:eb:31,00:c1:b1:14:eb:31,172.16.0.1,192.168.10.50,80.0,80.0,,,,,,,,,,,
1499453881.8311322,182,00:c1:b1:14:eb:31,00:c1:b1:14:eb:31,172.16.0.1,172.16.0.1,80.0,80.0,,,,,,,,,,,
1499454207.944343,127,00:c1:b1:14:eb:31,00:19:b9:0a:69:f1,172.16.0.1,192.168.10.50,80.0,80.0,,,,,,,,,,,
1499454577.5808775,181,00:19:b9:0a:69:f1,00:c1:b1:14:eb:31,192.168.10.50,192.168.10.50,80.0,80.0,,,,,,,,,,,
1499454415.0817604,70,00:19:b9:0a:69:f1,00:19:b9:0a:69:f1,172.16.0.1,192.168.10.50,80.0,80.0,,,,,,,,,,,
1499454798.081368,124,00:c1:b1:14:eb:31,00:19:b9:0a:69:f1,172.16.0.1,192.168.10.50,80.0,80.0,,,,,,,,,,,
1499454931.5799713,196,00:c1:b1:14:eb:31,00:c1:b1:14:eb:31,192.168.10.50,192.168.10.50,80.0,80.0,,,,,,,,,,,
1499454151.5914843,116,00:c1:b1:14:eb:31,00:19:b9:0a:69:f1,192.168.10.50,192.168.10.50,80.0,80.0,,,,,,,,,,,
1499454274.4448838,166,00:c1:b1:14:eb:31,00:19:b9:0a:69:f1,192.168.10.50,192.168.10.50,80.0,80.0,,,,,,,,,,,
1499454378.9150062,155,00:c1:b1:14:eb:31,00:19:b9:0a:69:f1,192.168.10.50,192.168.10.50,80.0,80.0,,,,,,,,,,,
1499454953.9023082,127,00:c1:b1:14:eb:31,00:19:b9:0a:69:f1,192.168.10.50,192.168.10.50,80.0,80.0,,,,,,,,,,,
1499453687.2213995,162,00:19:b9:0a:69:f1,00:c1:b1:14:eb:31,172.16.0.1,192.168.10.50,80.0,80.0,,,,,,,,,,,
1499454206.587052,168,00:c1:b1:14:eb:31,00:c1:b1:14:eb:31,192.168.10.50,192.168.10.50,80.0,80.0,,,,,,,,,,,
1499450221.1654627,180,00:c1:b1:14:eb:31,00:19:b9:0a:69:f1,192.168.10.50,192.168.10.50,80.0,80.0,,,,,,,,,,,
1499454394.7081778,149,00:c1:b1:14:eb:31,00:19:b9:0a:69:f1,172.16.0.1,192.168.10.50,80.0,80.0,,,,,,,,,,,
1499454078.3625038,63,00:c1:b1:14:eb:31,00:19:b9:0a:69:f1,192.168.10.50,192.168.10.50,80.0,80.0,,,,,,,,,,,
1499454740.661716,60,00:c1:b1:14:eb:31,00:19:b9:0a:69:f1,172.16.0.1,192.168.10.50,58734.0,80.0,,,,,,,,,,,
1499455020.7561955,114,00:c1:b1:14:eb:31,00:19:b9:0a:69:f1,172.16.0.1,172.16.0.1,80.0,80.0,,,,,,,,,,,
1499454735.6426153,149,00:c1:b1:14:eb:31,00:19:b9:0a:69:f1,192.168.10.50,192.168.10.50,80.0,80.0,,,,,,,,,,,
1499453746.083299,178,00:19:b9:0a:69:f1,00:19:b9:0a:69:f1,172.16.0.1,172.16.0.1,80.0,80.0,,,,,,,,,,,
1499454340.5563254,118,00:c1:b1:14:eb:31,00:19:b9:0a:69:f1,172.16.0.1,192.168.10.50,80.0,80.0,,,,,,,,,,,
1499452331.765536,1830,00:c1:b1:14:eb:31,00:c1:b1:14:eb:31,192.168.10.50,192.168.10.50,80.0,80.0,,,,,,,,,,,
1499454163.3760462,1994,00:c1:b1:14:eb:31,00:19:b9:0a:69:f1,192.168.10.50,192.168.10.50,80.0,80.0,,,,,,,,,,,
1499450428.8247414,199,00:c1:b1:14:eb:31,00:19:b9:0a:69:f1,172.16.0.1,192.168.10.50,80.0,80.0,,,,,,,,,,,
1499453962.2565172,67,00:c1:b1:14:eb:31,00:c1:b1:14:eb:31,172.16.0.1,192.168.10.50,80.0,80.0,,,,,,,,,,,
1499454947.3063598,132,00:19:b9:0a:69:f1,00:19:b9:0a:69:f1,172.16.0.1,172.16.0.1,80.0,80.0,,,,,,,,,,,
1499454231.504381,116,00:c1:b1:14:eb:31,00:c1:b1:14:eb:31,192.168.10.50,192.168.10.50,80.0,80.0,,,,,,,,,,,
1499454410.2500632,62,00:c1:b1:14:eb:31,00:19:b9:0a:69:f1,192.168.10.50,172.16.0.1,80.0,80.0,,,,,,,,,,,
1499454094.7231145,125,00:c1:b1:14:eb:31,00:19:b9:0a:69:f1,192.168.10.50,192.168.10.50,80.0,80.0,,,,,,,,,,,
1499450110.3410506,104,00:c1:b1:14:eb:31,00:19:b9:0a:69:f1,192.168.10.50,192.168.10.50,80.0,80.0,,,,,,,,,,,
1499454275.0036902,165,00:c1:b1:14:eb:31,00:c1:b1:14:eb:31,192.168.10.50,192.168.10.50,80.0,80.0,,,,,,,,,,,
1499454489.013397,184,00:19:b9:0a:69:f1,00:c1:b1:14:eb:31,172.16.0.1,172.16.0.1,56920.0,59362.0,,,,,,,,,,,
1499454193.4643743,149,00:c1:b1:14:eb:31,00:19:b9:0a:69:f1,172.16.0.1,192.168.10.50,80.0,80.0,,,,,,,,,,,
1499454227.2009945,95,00:c1:b1:14:eb:31,00:19:b9:0a:69:f1,192.168.10.50,192.168.10.50,80.0,80.0,,,,,,,,,,,
1499455012.193496,145,00:c1:b1:14:eb:31,00:c1:b1:14:eb:31,172.16.0.1,192.168.10.50,80.0,80.0,,,,,,,,,,,
1499454781.5882452,138,00:c1:b1:14:eb:31,00:19:b9:0a:69:f1,192.168.10.50,192.168.10.50,80.0,80.0,,,,,,,,,,,
1499450222.7488782,180,00:c1:b1:14:eb:31,00:19:b9:0a:69:f1,192.168.10.50,192.168.10.50,80.0,80.0,,,,,,,,,,,
1499454416.8640342,145,00:19:b9:0a:69:f1,00:19:b9:0a:69:f1,192.168.10.50,172.16.0.1,80.0,80.0,,,,,,,,,,,
1499454114.5512216,176,00:19:b9:0a:69:f1,00:c1:b1:14:eb:31,172.16.0.1,192.168.10.50,80.0,80.0,,,,,,,,,,,
1499454573.5859494,125,00:c1:b1:14:eb:31,00:19:b9:0a:69:f1,172.16.0.1,192.168.10.50,80.0,80.0,,,,,,,,,,,
1499454675.9131696,116,00:c1:b1:14:eb:31,00:c1:b1:14:eb:31,192.168.10.50,192.168.10.50,80.0,80.0,,,,,,,,,,,
1499454467.2061818,74,00:c1:b1:14:eb:31,00:19:b9:0a:69:f1,192.168.10.50,192.168.10.50,80.0,80.0,,,,,,,,,,,
1499454890.1563137,195,00:c1:b1:14:eb:31,00:19:b9:0a:69:f1,192.168.10.50,192.168.10.50,80.0,80.0,,,,,,,,,,,
1499450202.5562963,132,00:c1:b1:14:eb:31,00:c1:b1:14:eb:31,172.16.0.1,192.168.10.50,80.0,80.0,,,,,,,,,,,
1499450477.629626,76,00:c1:b1:14:eb:31,00:19:b9:0a:69:f1,192.168.10.50,192.168.10.50,80.0,80.0,,,,,,,,,,,
1499454430.3232832,142,00:c1:b1:14:eb:31,00:c1:b1:14:eb:31,192.168.10.50,192.168.10.50,80.0,80.0,,,,,,,,,,,
1499454310.746223,148,00:c1:b1:14:eb:31,00:c1:b1:14:eb:31,172.16.0.1,192.168.10.50,80.0,80.0,,,,,,,,,,,
1499454286.2438507,121,00:c1:b1:14:eb:31,00:19:b9:0a:69:f1,192.168.10.50,192.168.10.50,80.0,80.0,,,,,,,,,,,
1499450035.5750716,136,00:c1:b1:14:eb:31,00:19:b9:0a:69:f1,192.168.10.50,192.168.10.50,80.0,80.0,,,,,,,,,,,
1499454396.6203904,146,00:c1:b1:14:eb:31,00:19:b9:0a:69:f1,172.16.0.1,192.168.10.50,80.0,80.0,,,,,,,,,,,
1499454735.4377642,191,00:c1:b1:14:eb:31,00:c1:b1:14:eb:31,192.168.10.50,172.16.0.1,55226.0,80.0,,,,,,,,,,,
1499454643.7583387,204,00:19:b9:0a:69:f1,00:c1:b1:14:eb:31,172.16.0.1,192.168.10.50,80.0,80.0,,,,,,,,,,,
1499450226.4682567,157,00:c1:b1:14:eb:31,00:19:b9:0a:69:f1,192.168.10.50,192.168.10.50,80.0,80.0,,,,,,,,,,,
1499454521.0447755,137,00:c1:b1:14:eb:31,00:19:b9:0a:69:f1,172.16.0.1,192.168.10.50,80.0,80.0,,,,,,,,,,,
1499454884.988711,159,00:19:b9:0a:69:f1,00:19:b9:0a:69:f1,192.168.10.50,192.168.10.50,80.0,80.0,,,,,,,,,,,
1499454059.5156033,182,00:19:b9:0a:69:f1,00:c1:b1:14:eb:31,192.168.10.50,192.168.10.50,80.0,80.0,,,,,,,,,,,
1499454283.1641502,134,00:c1:b1:14:eb:31,00:c1:b1:14:eb:31,192.168.10.50,172.16.0.1,80.0,80.0,,,,,,,,,,,
1499455046.019502,176,00:c1:b1:14:eb:31,00:c1:b1:14:eb:31,172.16.0.1,192.168.10.50,80.0,80.0,,,,,,,,,,,
1499454254.0638893,182,00:c1:b1:14:eb:31,00:c1:b1:14:eb:31,192.168.10.50,172.16.0.1,80.0,80.0,,,,,,,,,,,
1499454732.3128772,166,00:c1:b1:14:eb:31,00:19:b9:0a:69:f1,192.168.10.50,192.168.10.50,80.0,80.0,,,,,,,,,,,
1499450125.97761,163,00:c1:b1:14:eb:31,00:19:b9:0a:69:f1,172.16.0.1,192.168.10.50,80.0,80.0,,,,,,,,,,,
1499454481.1637275,104,00:c1:b1:14:eb:31,00:19:b9:0a:69:f1,192.168.10.50,192.168.10.50,80.0,80.0,,,,,,,,,,,
1499454783.430293,175,00:19:b9:0a:69:f1,00:19:b9:0a:69:f1,172.16.0.1,172.16.0.1,80.0,80.0,,,,,,,,,,,
1499454979.7657113,100,00:c1:b1:14:eb:31,00:c1:b1:14:eb:31,172.16.0.1,192.168.10.50,5877.0,80.0,,,,,,,,,,,
1499454084.1522207,170,00:c1:b1:14:eb:31,00:19:b9:0a:69:f1,172.16.0.1,172.16.0.1,80.0,80.0,,,,,,,,,,,
1499454736.3829126,185,00:19:b9:0a:69:f1,00:19:b9:0a:69:f1,172.16.0.1,192.168.10.50,80.0,80.0,,,,,,,,,,,
1499454752.379014,131,00:19:b9:0a:69:f1,00:19:b9:0a:69:f1,192.168.10.50,192.168.10.50,47998.0,80.0,,,,,,,,,,,
1499454187.801401,170,00:c1:b1:14:eb:31,00:19:b9:0a:69:f1,172.16.0.1,192.168.10.50,80.0,80.0,,,,,,,,,,,
1499454735.7542627,173,00:c1:b1:14:eb:31,00:c1:b1:14:eb:31,192.168.10.50,192.168.10.50,80.0,80.0,,,,,,,,,,,
1499453948.436231,74,00:c1:b1:14:eb:31,00:19:b9:0a:69:f1,172.16.0.1,192.168.10.50,53744.0,80.0,,,,,,,,,,,
1499453827.94423,87,00:c1:b1:14:eb:31,00:19:b9:0a:69:f1,192.168.10.50,192.168.10.50,80.0,80.0,,,,,,,,,,,
1499455050.3751016,63,00:c1:b1:14:eb:31,00:c1:b1:14:eb:31,192.168.10.50,172.16.0.1,80.0,80.0,,,,,,,,,,,
1499454591.4952269,162,00:c1:b1:14:eb:31,00:c1:b1:14:eb:31,172.16.0.1,192.168.10.50,80.0,80.0,,,,,,,,,,,
1499453838.0999632,124,00:c1:b1:14:eb:31,00:c1:b1:14:eb:31,192.168.10.50,172.16.0.1,80.0,80.0,,,,,,,,,,,
1499454972.5154583,143,00:c1:b1:14:eb:31,00:19:b9:0a:69:f1,172.16.0.1,192.168.10.50,80.0,80.0,,,,,,,,,,,
1499454472.7786825,121,00:c1:b1:14:eb:31,00:19:b9:0a:69:f1,192.168.10.50,192.168.10.50,5877.0,80.0,,,,,,,,,,,
1499454695.6169274,167,00:c1:b1:14:eb:31,00:19:b9:0a:69:f1,172.16.0.1,192.168.10.50,80.0,80.0,,,,,,,,,,,
1499454015.7475123,169,00:c1:b1:14:eb:31,00:19:b9:0a:69:f1,192.168.10.50,192.168.10.50,80.0,80.0,,,,,,,,,,,
1499454995.9105785,161,00:c1:b1:14:eb:31,00:c1:b1:14:eb:31,172.16.0.1,192.168.10.50,80.0,80.0,,,,,,,,,,,
1499454939.011053,143,00:c1:b1:14:eb:31,00:19:b9:0a:69:f1,192.168.10.50,192.168.10.50,80.0,80.0,,,,,,,,,,,
1499454307.2518408,124,00:19:b9:0a:69:f1,00:c1:b1:14:eb:31,192.168.10.50,192.168.10.50,80.0,80.0,,,,,,,,,,,
1499454154.0582418,145,00:c1:b1:14:eb:31,00:19:b9:0a:69:f1,192.168.10.50,192.168.10.50,80.0,80.0,,,,,,,,,,,
1499454455.1128442,135,00:c1:b1:14:eb:31,00:c1:b1:14:eb:31,192.168.10.50,192.168.10.50,80.0,5811.0,,,,,,,,,,,
1499455219.049425,103,00:c1:b1:14:eb:31,00:19:b9:0a:69:f1,192.168.10.50,192.168.10.50,80.0,80.0,,,,,,,,,,,
1499454253.2725892,140,00:c1:b1:14:eb:31,00:19:b9:0a:69:f1,172.16.0.1,192.168.10.50,80.0,80.0,,,,,,,,,,,
1499454603.5662467,178,00:c1:b1:14:eb:31,00:19:b9:0a:69:f1,172.16.0.1,192.168.10.50,80.0,80.0,,,,,,,,,,,
1499449888.4052625,162,00:c1:b1:14:eb:31,00:c1:b1:14:eb:31,192.168.10.50,192.168.10.50,80.0,80.0,,,,,,,,,,,
1499454736.655425,74,00:c1:b1:14:eb:31,00:19:b9:0a:69:f1,172.16.0.1,192.168.10.50,58640.0,80.0,,,,,,,,,,,
1499450070.28188,92,00:c1:b1:14:eb:31,00:c1:b1:14:eb:31,192.168.10.50,172.16.0.1,80.0,80.0,,,,,,,,,,,
1499454109.2914834,142,00:c1:b1:14:eb:31,00:c1:b1:14:eb:31,192.168.10.50,192.168.10.50,80.0,80.0,,,,,,,,,,,
1499450214.8944108,104,00:c1:b1:14:eb:31,00:c1:b1:14:eb:31,192.168.10.50,192.168.10.50,80.0,80.0,,,,,,,,,,,
1499454465.1823142,85,00:19:b9:0a:69:f1,00:c1:b1:14:eb:31,172.16.0.1,192.168.10.50,80.0,80.0,,,,,,,,,,,
1499453805.6405983,71,00:c1:b1:14:eb:31,00:19:b9:0a:69:f1,192.168.10.50,192.168.10.50,80.0,80.0,,,,,,,,,,,
1499454057.18974,189,00:c1:b1:14:eb:31,00:c1:b1:14:eb:31,172.16.0.1,172.16.0.1,80.0,80.0,,,,,,,,,,,
1499454118.951707,146,00:c1:b1:14:eb:31,00:19:b9:0a:69:f1,192.168.10.50,192.168.10.50,80.0,80.0,,,,,,,,,,,
1499453850.7831175,129,00:c1:b1:14:eb:31,00:c1:b1:14:eb:31,172.16.0.1,192.168.10.50,80.0,80.0,,,,,,,,,,,
1499454202.61745,152,00:c1:b1:14:eb:31,00:c1:b1:14:eb:31,172.16.0.1,172.16.0.1,80.0,80.0,,,,,,,,,,,
1499453909.336827,2107,00:c1:b1:14:eb:31,00:c1:b1:14:eb:31,192.168.10.50,172.16.0.1,80.0,80.0,,,,,,,,,,,
1499454083.885916,215,00:c1:b1:14:eb:31,00:19:b9:0a:69:f1,172.16.0.1,192.168.10.50,80.0,80.0,,,,,,,,,,,
1499453739.722702,170,00:c1:b1:14:eb:31,00:19:b9:0a:69:f1,192.168.10.50,192.168.10.50,49981.0,80.0,,,,,,,,,,,
1499454083.8647275,147,00:c1:b1:14:eb:31,00:19:b9:0a:69:f1,192.168.10.50,192.168.10.50,80.0,80.0,,,,,,,,,,,
1499454221.9357748,155,00:19:b9:0a:69:f1,00:19:b9:0a:69:f1,172.16.0.1,192.168.10.50,80.0,80.0,,,,,,,,,,,
1499450401.17469,115,00:19:b9:0a:69:f1,00:19:b9:0a:69:f1,172.16.0.1,192.168.10.50,80.0,80.0,,,,,,,,,,,
1499454055.198509,148,00:c1:b1:14:eb:31,00:19:b9:0a:69:f1,172.16.0.1,192.168.10.50,80.0,80.0,,,,,,,,,,,
1499453822.829591,177,00:c1:b1:14:eb:31,00:19:b9:0a:69:f1,192.168.10.50,172.16.0.1,80.0,80.0,,,,,,,,,,,
1499455107.391152,118,00:c1:b1:14:eb:31,00:19:b9:0a:69:f1,172.16.0.1,192.168.10.50,80.0,80.0,,,,,,,,,,,
1499454664.9299898,139,00:c1:b1:14:eb:31,00:c1:b1:14:eb:31,192.168.10.50,192.168.10.50,80.0,80.0,,,,,,,,,,,
1499453981.683384,140,00:c1:b1:14:eb:31,00:c1:b1:14:eb:31,192.168.10.50,192.168.10.50,80.0,80.0,,,,,,,,,,,
1499454358.5930674,169,00:c1:b1:14:eb:31,00:c1:b1:14:eb:31,192.168.10.50,192.168.10.50,80.0,80.0,,,,,,,,,,,
